YLR268W,2.343707E-005
YOR011W,1.403905E-005
YAL008W,4.447027E-005
YOR043W,8.495343E-006
YBR255W,1.132018E-005
YIL034C,2.503593E-005
YJR122W,0.000010451
YNL103W,1.746749E-005
YPL144W,1.093388E-005
YBR135W,2.183552E-005
YBR160W,1.795037E-005
YJL082W,4.496388E-005
YHR007C,7.042523E-005
YHR067W,1.33751E-005
YLR395C,0.000077149
YLR348C,1.795037E-005
YKL074C,0.000013139
YNL152W,1.24147E-005
YFL045C,5.850794E-005
YFL010C,2.012935E-005
YIL124W,2.073027E-005
YGL141W,1.746749E-005
YOR123C,2.529347E-005
YJL179W,3.709682E-005
YKL183W,0.000013139
YLR362W,1.598666E-005
YPL024W,1.110557E-005
YKL029C,3.129289E-005
YLR220W,2.256521E-005
YBR273C,3.259667E-005
YHR025W,3.671052E-005
YAL026C,6.287766E-005
YOL034W,0.000013139
YBL008W,2.300784E-005
YGL237C,5.6249E-006
YPR094W,3.61096E-005
YDR016C,2.047273E-005
YOL129W,2.130972E-005
YDR299W,0.000025272
YOL116W,9.463782E-006
YBR182C,4.197727E-006
YBR280C,0.000010451
YNR032W,1.05905E-005
YNR045W,7.851505E-006
YML105C,2.382337E-005
YNL288W,1.572913E-005
YPL104W,2.382337E-005
YNL003C,1.207132E-005
YFR047C,2.892981E-005
YML127W,2.529347E-005
YLR188W,1.966257E-005
YGR084C,2.561539E-005
YCR002C,3.129289E-005
YLR355C,0.0001856482
YGL157W,2.745435E-005
YGR099W,8.495343E-006
YJR093C,1.69095E-005
YLR300W,4.438443E-005
YJR140C,1.795037E-005
YOR033C,0.000010451
YBR043C,0.000004584
YLR011W,1.093388E-005
YIL044C,1.279564E-005
YDL004W,6.264158E-005
YCR046C,3.247326E-005
YLR059C,2.561539E-005
YDR507C,4.873838E-005
YOR266W,1.355617E-005
YDR421W,3.940192E-006
YGL171W,2.657578E-005
YGL215W,2.552954E-005
YGR019W,2.148141E-005
YNL080C,7.851505E-006
YOR382W,0.00004342
YDR022C,1.425367E-005
YPL266W,2.469255E-005
YBR296C,1.72958E-005
YER169W,1.279564E-005
YOL016C,1.149187E-005
YOR226C,3.922417E-005
YNL277W,2.235059E-005
YNL186W,1.860762E-005
YCL044C,2.148141E-005
YMR146C,0.00004342
YPR165W,4.307663E-005
YMR266W,3.384008E-005
YKR064W,7.508125E-006
YCR060W,2.343707E-005
YPL089C,1.630858E-005
YDL139C,1.403905E-005
YDR246W,1.973433E-005
YOR288C,1.656612E-005
YCR028C,2.012935E-005
YHR089C,3.953536E-005
YLL035W,1.502627E-005
YER007W,0.000008109
YOR141C,2.723974E-005
YBL106C,0.000021696
YGL044C,2.529347E-005
YBR038W,0.000057671
YDR117C,2.986572E-005
YEL047C,4.009335E-005
YPR016C,0.000042723
YOR208W,1.305318E-005
YDL055C,0.0001403106
YML009C,6.380376E-005
YML072C,4.699733E-005
YDR142C,1.174941E-005
YFL044C,2.952234E-005
YKL019W,1.209279E-005
YJL078C,3.366839E-005
YNL173C,2.552954E-005
YBL085W,0.000025272
YGR200C,3.042371E-005
YLR223C,6.467294E-005
YKL135C,1.886515E-005
YLR363C,1.476874E-005
YDR179C,1.777868E-005
YLR431C,1.093388E-005
YJR005W,2.130972E-005
YBL098W,2.326538E-005
YKL113C,3.042371E-005
YER030W,0.000047169
YIR026C,2.503593E-005
YJR072C,3.75797E-005
YDR047W,1.777868E-005
YKR039W,2.096634E-005
YGL003C,5.6249E-006
YOR118W,1.69095E-005
YDR268W,2.21789E-005
YMR022W,3.480583E-005
YKR006C,3.129289E-005
YDL117W,0.000012624
YPR138C,2.599632E-005
YIL005W,3.587353E-005
YIL105C,1.279564E-005
YNL119W,0.00001633
YML126C,0.000082132
YLR189C,1.886515E-005
YIL150C,2.916555E-005
YNR019W,3.953536E-005
YGR158C,0.000030252
YFR046C,0.000008667
YBR212W,1.500481E-005
YJR109C,0.0001225263
YLR254C,1.110557E-005
YPL105C,1.468289E-005
YGR145W,4.472781E-005
YLR354C,5.955418E-005
YGR098C,2.854887E-005
YAL009W,7.186206E-006
YBR129C,1.232886E-005
YDL160C,0.0002415274
YJR123W,6.099443E-005
YGR167W,4.960756E-005
YJL059W,9.807162E-006
YKL099C,2.875812E-005
YDR315C,1.207132E-005
YJL143W,3.506337E-005
YBR161W,1.69095E-005
YNL002C,4.009335E-005
YNL104C,3.813769E-005
YPL145C,3.883787E-005
YIL118W,3.07349E-005
YNL151C,3.726851E-005
YKL052C,0.000013139
YIL045W,1.534819E-005
YPL059W,4.472781E-005
YOR367W,2.105219E-005
YGR185C,5.38361E-005
YMR238W,2.796942E-005
YER168C,2.235059E-005
YPL265W,2.880641E-005
YOR227W,2.186772E-005
YOR081C,1.72958E-005
YEL026W,6.493919E-005
YCL014W,6.060813E-005
YGL172W,0.000018165
YNL274C,0.000022922
YDR021W,2.130972E-005
YPL212C,2.21789E-005
YGR081C,2.452086E-005
YPR095C,1.502627E-005
YOR310C,6.603372E-005
YIL063C,3.384008E-005
YDR188W,5.888888E-005
YOL128C,6.547734E-006
YGL236C,0.000027626
YHR133C,2.047273E-005
YDR017C,2.012935E-005
YOL080C,4.333417E-005
YPR167C,1.526234E-005
YOL117W,9.149911E-006
YBR283C,5.205213E-005
YIL090W,1.174941E-005
YML104C,2.495009E-005
YNR033W,1.925145E-005
YDR195W,0.000012624
YNL256W,2.916555E-005
YGL045W,5.45321E-006
YIL062C,2.63397E-005
YDR347W,0.000028463
YEL004W,7.851505E-006
YPR057W,8.978221E-006
YLL032C,3.212988E-005
YJL020C,7.138562E-005
YBR039W,7.406157E-005
YDR116C,0.000021696
YGR258C,2.186772E-005
YPL234C,5.523108E-005
YDL056W,1.852177E-005
YOR209C,3.422638E-005
YKL117W,6.837568E-005
YPR017C,1.386736E-005
YEL044W,0.000016652
YML071C,2.012935E-005
YLR016C,8.978221E-006
YER120W,3.813769E-005
YBR042C,1.973433E-005
YOL062C,1.183525E-005
YJL194W,2.105219E-005
YHR111W,1.500481E-005
YML129C,8.360478E-005
YDL070W,0.000022922
YCR047C,2.469255E-005
YNL261W,9.149911E-006
YOR241W,0.000018165
YBR202W,1.973433E-005
YLR056W,4.39552E-005
YKL205W,3.187235E-005
YKL110C,1.468289E-005
YHR040W,1.174941E-005
YML057W,9.463782E-006
YDR178W,7.54589E-005
YKR038C,1.062269E-005
YNL255C,7.016769E-005
YJL115W,3.953536E-005
YJR073C,2.552954E-005
YGL004C,1.534819E-005
YLR204W,4.912468E-005
YKR007W,3.187235E-005
YHR193C,6.289912E-005
YBL099W,5.995356E-005
YPL008W,9.721317E-006
YDL116W,2.21789E-005
YMR023C,6.204354E-006
YOR119C,2.495009E-005
YLR409C,2.073027E-005
YKR065C,4.39552E-005
YMR041C,1.500481E-005
YMR267W,2.683331E-005
YMR109W,2.820549E-005
YDR232W,0.0001422226
YDR245W,3.163627E-005
YHR088W,2.430625E-005
YGR276C,2.235059E-005
YBR017C,4.943587E-005
YKR014C,3.11212E-005
YPR162C,1.174941E-005
YLR178C,1.403905E-005
YHR175W,2.326538E-005
YGR166W,9.721317E-006
YDL161W,2.186772E-005
YDL212W,3.922417E-005
YJR055W,2.657578E-005
YDR390C,2.096634E-005
YGL099W,3.578769E-005
YIL119C,3.317612E-005
YPL193W,1.279564E-005
YNL005C,2.21789E-005
YKL098W,1.174941E-005
YJR139C,6.467294E-005
YBR133C,1.062269E-005
YBR162C,9.575827E-005
YDR279W,1.826424E-005
YJL133W,8.978221E-006
YDR143C,1.886515E-005
YBR111C,3.317612E-005
YGL019W,3.189381E-005
YNL172W,0.000018165
YDL099W,3.11212E-005
YPR144C,1.942314E-005
YNL023C,1.500481E-005
YPL026C,2.659724E-005
YIR011C,0.000013524
YDR214W,3.61096E-005
YLR222C,3.319758E-005
YPL005W,8.28073E-006
YLR295C,7.112808E-005
YDR332W,3.854347E-006
YOR064C,0.000008667
YOR311C,0.000016652
YOR344C,2.256521E-005
YBR159W,4.018791E-005
YNR041C,1.903684E-005
YDR189W,3.11212E-005
YBR282W,5.569786E-005
YOR079C,1.886515E-005
YCL030C,5.017427E-005
YHR132C,4.253792E-005
YGL133W,2.070881E-005
YDR194C,0.000071792
YOL049W,3.317612E-005
YDR014W,1.023639E-005
YNL257C,8.978221E-006
YNR030W,5.101126E-005
YIL093C,2.986572E-005
YDR466W,1.386736E-005
YLR397C,2.186772E-005
YDR463W,2.986572E-005
YIL104C,1.305318E-005
YIL002C,0.000010451
YGR159C,4.856669E-005
YAL010C,1.560572E-005
YNL118C,4.530726E-005
YJL039C,5.956726E-005
YGL228W,3.384008E-005
YJR117W,5.497354E-005
YGL155W,8.28073E-006
YOR104W,0.000022922
YLR357W,1.795037E-005
YER127W,0.000025272
YOL063C,8.978221E-006
YBL015W,2.469255E-005
YEL027W,0.000088005
YLR017W,3.317612E-005
YHR110W,1.942314E-005
YBR041W,3.384008E-005
YCR044C,3.813769E-005
YGL206C,0.0005516579
YLR320W,4.809373E-006
YFR014C,3.422638E-005
YMR231W,3.247326E-005
YGR184C,3.922417E-005
YNL275W,1.560572E-005
YAR015W,3.75797E-005
YOR086C,6.560449E-005
YPL213W,1.607251E-005
YNL082W,2.788357E-005
YLL051C,5.45321E-006
YDR395W,5.205213E-005
YOR279C,4.197727E-006
YOR224C,3.613107E-005
YGL060W,0.000025272
YLR079W,0.000013139
YMR093W,1.925145E-005
YMR042W,1.69095E-005
YDR079W,5.523108E-005
YMR268C,8.978221E-006
YML070W,3.61096E-005
YGL100W,2.63397E-005
YBL061C,1.149187E-005
YMR140W,1.572913E-005
YPR072W,2.430625E-005
YER062C,8.506214E-005
YDR244W,0.000008667
YGR271W,3.553015E-005
YPR163C,7.877868E-005
YDR527W,1.746749E-005
YCR059C,1.476874E-005
YCR004C,4.166874E-005
YLL033W,9.721317E-006
YCR106W,1.279564E-005
YML038C,1.502627E-005
YDR489W,1.149187E-005
YPR049C,1.093388E-005
YGR257C,0.000008109
YBR127C,0.0001567775
YPL235W,3.671052E-005
YDL159W,1.425367E-005
YGL190C,2.070881E-005
YBR110W,2.256521E-005
YDR144C,3.003741E-005
YGL018C,3.514921E-005
YMR075W,1.355617E-005
YMR020W,6.928671E-006
YDR379W,1.500481E-005
YHR169W,1.425367E-005
YOR103C,2.986572E-005
YKL137W,3.28542E-005
YNL059C,0.000028227
YPL161C,1.476874E-005
YJL063C,2.788357E-005
YIR010W,1.500481E-005
YDR331W,4.63535E-005
YKR044W,7.508125E-006
YCR069W,4.128244E-005
YLR433C,2.745435E-005
YMR068W,0.000008109
YGR239C,1.425367E-005
YER032W,1.886515E-005
YJR070C,4.215162E-005
YDL097C,2.469255E-005
YGL005C,2.382337E-005
YIR024C,4.197993E-005
YDL111C,1.500481E-005
YPL007C,1.355617E-005
YLR203C,2.952234E-005
YBR101C,2.256521E-005
YLR396C,1.093388E-005
YIL003W,1.386736E-005
YBR245C,6.347857E-005
YBR163W,5.45321E-006
YDR465C,2.452086E-005
YKL079W,1.279564E-005
YBR210W,2.529347E-005
YPL103C,1.386736E-005
YIL103W,1.777868E-005
YFR033C,2.986572E-005
YJR096W,2.552954E-005
YKL027W,1.534819E-005
YGR143W,3.456976E-005
YGR112W,1.425367E-005
YKL057C,2.105219E-005
YGL098W,2.469255E-005
YLR192C,2.683331E-005
YPL069C,1.826424E-005
YDL213C,3.613107E-005
YKL195W,6.673121E-005
YGL216W,1.500481E-005
YDR317W,1.534819E-005
YPL271W,0.000070892
YJR138W,0.000020006
YGL210W,3.319758E-005
YJL145W,3.636714E-005
YBR132C,4.253792E-005
YNL106C,1.468289E-005
YFR015C,0.000018165
YOR265W,0.000059739
YLR321C,3.129289E-005
YMR233W,1.403905E-005
YPR199C,1.00647E-005
YLR376C,0.000006757
YOR278W,1.279564E-005
YNL085W,8.321848E-005
YGL061C,3.042371E-005
YDR394W,4.236623E-005
YPL210C,2.430625E-005
YOR330C,1.903684E-005
YOR087W,2.469255E-005
YGL234W,5.627731E-005
YOR347C,3.129289E-005
YPR093C,3.017358E-006
YOL082W,0.000004584
YAL029C,3.553015E-005
YDR452W,3.553015E-005
YOR030W,7.186206E-006
YOR065W,4.307663E-005
YGR186W,2.933724E-005
YDR294C,2.599632E-005
YHR135C,1.209279E-005
YNL250W,4.504973E-005
YOL115W,9.463782E-006
YNR031C,3.07349E-005
YNL131W,4.786652E-005
YIR004W,2.892981E-005
YIL135C,1.656612E-005
YBL005W,1.093388E-005
YOR243C,5.38361E-005
YDR041W,2.413456E-005
YGR070W,5.882435E-006
YMR165C,1.72958E-005
YCR005C,6.547734E-006
YBL101C,4.626765E-005
YPR055W,4.253792E-005
YHR037W,3.422638E-005
YLR032W,2.326538E-005
YDR488C,2.070881E-005
YLR154C,2.933724E-005
YEL042W,4.307663E-005
YPR048W,1.132018E-005
YOL060C,2.880641E-005
YNL208W,5.627731E-005
YNL232W,1.826424E-005
YDL076C,1.339656E-005
YDR120C,3.003741E-005
YER126C,5.38361E-005
YOR113W,0.0001013982
YJL192C,2.495009E-005
YHR117W,3.129289E-005
YDR265W,8.634841E-006
YDL036C,1.174941E-005
YML059C,4.197993E-005
YKL116C,0.000008109
YGR238C,1.279564E-005
YLR423C,0.00001633
YER035W,1.833667E-005
YPR128C,1.232886E-005
YLR105C,1.425367E-005
YML091C,4.253792E-005
YHR191C,1.852177E-005
YDL110C,3.553015E-005
YDL098C,2.343707E-005
YHR042W,5.923226E-005
YGL006W,3.11212E-005
YPL006W,2.933724E-005
YKR067W,4.027376E-005
YOR168W,6.924486E-005
YNL189W,3.540675E-005
YER040W,1.442536E-005
YMR043W,1.279564E-005
YML077W,2.788357E-005
YER068W,1.886515E-005
YER013W,1.746749E-005
YMR269W,3.212988E-005
YMR092C,3.155043E-005
YJL008C,4.678272E-005
YDL018C,2.723974E-005
YGR054W,0.0001083255
YMR191W,1.630858E-005
YBL060W,9.364524E-006
YGR270W,0.000036453
YKL056C,8.091944E-005
YNL278W,3.317612E-005
YJR057W,2.012935E-005
YKL150W,1.795037E-005
YGL211W,1.00647E-005
YDR316W,2.582463E-005
YPL195W,4.197993E-005
YNL107W,1.305318E-005
YBL063W,0.000027626
YDR479C,1.132018E-005
YAL059W,3.813769E-005
YNL007C,0.0001098949
YJR137C,8.339017E-005
YMR021C,4.755719E-006
YDR378C,3.259667E-005
YGL191W,5.497354E-005
YFL041W,4.748021E-005
YJL168C,1.69095E-005
YDR145W,1.777868E-005
YDR330W,1.386736E-005
YJL062W,3.042371E-005
YNL325C,1.386736E-005
YPL020C,2.552954E-005
YDR216W,2.413456E-005
YKL130C,1.476874E-005
YNL021W,2.469255E-005
YOR346W,1.386736E-005
YGL233W,2.130972E-005
YLR172C,4.699733E-005
YGR113W,1.174941E-005
YLR319C,2.495009E-005
YBR278W,1.630858E-005
YHR029C,2.503593E-005
YGR209C,8.604936E-005
YDR295C,1.110557E-005
YAL033W,1.279564E-005
YNR036C,2.469255E-005
YNR049C,1.886515E-005
YDR192C,1.852177E-005
YOL112W,2.845668E-006
YML109W,1.630858E-005
YNL251C,2.723974E-005
YHR134W,9.364524E-006
YBR164C,4.678272E-005
YIL153W,7.529586E-006
YHR074W,3.221573E-005
YJL217W,3.317612E-005
YLR399C,2.469255E-005
YFR030W,2.875812E-005
YBR131W,9.721317E-006
YAL011W,1.062269E-005
YBR036C,3.456976E-005
YBR244W,4.496388E-005
YPL053C,2.561539E-005
YBR179C,2.130972E-005
YPL155C,1.572913E-005
YJR097W,2.683331E-005
YLR351C,2.587292E-005
YGR142W,4.166874E-005
YPL100W,1.305318E-005
YDR121W,2.796942E-005
YER125W,0.0002385407
YNL233W,1.826424E-005
YPL211W,4.912468E-005
YDL077C,1.69095E-005
YOR222W,1.00647E-005
YOL061W,3.259667E-005
YLR015W,2.130972E-005
YPL259C,1.560572E-005
YLR008C,2.854887E-005
YMR219W,3.212988E-005
YLR055C,1.777868E-005
YOR198C,7.935814E-005
YLR450W,3.384008E-005
YDR191W,1.526234E-005
YIL095W,2.012935E-005
YNL084C,2.599632E-005
YGL066W,2.552954E-005
YPR070W,9.463782E-006
YOR386W,2.148141E-005
YCL011C,1.403905E-005
YPR198W,1.476874E-005
YHL038C,0.00001633
YDR425W,2.300784E-005
YML076C,0.000008109
YKR060W,2.745435E-005
YER069W,2.148141E-005
YMR091C,2.21789E-005
YER012W,5.188044E-005
YHR003C,1.110557E-005
YBL067C,0.000021696
YHR098C,4.128244E-005
YDL019C,4.149705E-005
YDL135C,2.599632E-005
YDR168W,0.000042723
YER175C,1.305318E-005
YBR069C,3.883787E-005
YGR077C,7.186206E-006
YDR512C,2.895094E-005
YDR113C,1.746749E-005
YLL031C,2.63397E-005
YLR033W,1.500481E-005
YLR088W,3.636714E-005
YBR021W,3.212988E-005
YGR255C,3.247326E-005
YDL051W,3.709682E-005
YBL102W,1.973433E-005
YPL237W,3.259667E-005
YLR120C,0.000028227
YEL043W,1.279564E-005
YMR077C,1.777868E-005
YNL068C,1.149187E-005
YGR204W,0.0001073598
YPR056W,1.555744E-005
YDR146C,2.723974E-005
YNL326C,0.000012624
YFL008W,4.470635E-005
YDR337W,2.916555E-005
YJL061W,2.047273E-005
YDR217C,3.221573E-005
YDR441C,2.745435E-005
YPL094C,2.27369E-005
YNL020C,9.364524E-006
YPL023C,1.777868E-005
YPL163C,3.28542E-005
YMR246W,3.671052E-005
YPR161C,1.995766E-005
YOR291W,2.326538E-005
YJL112W,9.721317E-006
YMR059W,2.070881E-005
YDR062W,3.189381E-005
YBR188C,2.105219E-005
YLR435W,6.528257E-005
YJR076C,3.07349E-005
YHR190W,5.226674E-005
YKR002W,1.69095E-005
YBR003W,2.012935E-005
YDR398W,4.128244E-005
YPR129W,4.027376E-005
YDL113C,1.500481E-005
YMR135C,3.854347E-006
YLR201C,2.326538E-005
YBR130C,2.657578E-005
YBR247C,2.625386E-005
YJL210W,1.132018E-005
YLR398C,5.156925E-005
YIL154C,1.942314E-005
YPL149W,2.845668E-006
YBR165W,1.74353E-005
YHR075C,9.463782E-006
YKL004W,2.916555E-005
YGR076C,3.587353E-005
YFR031C,0.000012624
YPL154C,6.907317E-005
YJR110W,1.833667E-005
YIL149C,3.636714E-005
YPL101W,1.833667E-005
YLR258W,0.000012624
YNR015W,1.942314E-005
YLR350W,1.183525E-005
YGR163W,2.130972E-005
YKL022C,1.425367E-005
YDL164C,4.128244E-005
YJR050W,1.442536E-005
YNL006W,1.110557E-005
YKL179C,2.382337E-005
YPL194W,1.425367E-005
YAL058W,1.209279E-005
YKL095W,1.69095E-005
YJR136C,5.6249E-006
YIL094C,3.155043E-005
YJL098W,0.000025272
YLR451W,8.978221E-006
YHR017W,1.132018E-005
YOL044W,1.023639E-005
YHR148W,2.413456E-005
YLR323C,1.403905E-005
YOR085W,0.0001026161
YGL067W,2.469255E-005
YCL010C,9.463782E-006
YGR189C,3.506337E-005
YOR332W,5.205213E-005
YOR363C,1.339656E-005
YNL087W,5.995356E-005
YOR341W,0.0001233633
YOR067C,0.000025272
YDR296W,2.326538E-005
YPR091C,0.000028227
YGR141W,0.000036453
YGR094W,0.0001730005
YNR048W,1.425367E-005
YNL133C,2.27369E-005
YHR028C,2.148141E-005
YBR265W,2.21789E-005
YBL007C,6.060813E-005
YNR037C,9.895834E-005
YOL113W,3.360738E-006
YCL024W,2.960819E-005
YAL032C,0.000016652
YGL145W,1.903684E-005
YHR137W,6.461889E-006
YNL252C,0.000021696
YMR198W,0.000013524
YCR003W,4.307663E-005
YDR511W,3.448391E-005
YMR163C,1.132018E-005
YBR068C,1.425367E-005
YDR043C,1.279564E-005
YMR250W,1.149187E-005
YEL015W,1.860762E-005
YBL103C,1.267224E-005
YEL040W,3.840864E-005
YLR418C,0.00001633
YER059W,1.560572E-005
YNL076W,7.76566E-006
YBL025W,1.476874E-005
YOL066C,1.110557E-005
YGL167C,5.205213E-005
YHR115C,1.279564E-005
YEL022W,5.226674E-005
YLR182W,5.59554E-005
YDL074C,1.886515E-005
YJL190C,6.133781E-005
YMR218C,2.587292E-005
YLR052W,2.070881E-005
YPL256C,1.746749E-005
YKL201C,1.833667E-005
YLL049W,7.508125E-006
YOL026C,3.212988E-005
YDL069C,7.76566E-006
YDR236C,1.110557E-005
YJL042W,4.307663E-005
YER037W,1.305318E-005
YCR092C,1.777868E-005
YJL111W,5.465162E-005
YNL192W,1.442536E-005
YLL010C,0.000008109
YMR058W,0.000077986
YLR436C,1.232886E-005
YOR290C,1.132018E-005
YKL114C,3.905248E-005
YML093W,7.112808E-005
YJR077C,0.0001168223
YHR197W,2.21789E-005
YDL112W,7.008185E-005
YBR002C,1.500481E-005
YDR276C,8.408766E-005
YLR200W,7.610273E-005
YKL154W,3.775139E-005
YKR003W,3.07349E-005
YPL004C,2.723974E-005
YLR107W,1.093388E-005
YLR121C,1.886515E-005
YDL052C,4.149705E-005
YKR061W,1.85845E-006
YJL178C,2.880641E-005
YML075C,3.28542E-005
YGL107C,2.430625E-005
YDR169C,2.130972E-005
YOR057W,1.903684E-005
YBL033C,1.966257E-005
YMR272C,3.07349E-005
YBR098W,6.204354E-006
YPR108W,3.83228E-005
YKL054C,0.000077149
YHR171W,1.00647E-005
YGR162W,7.610273E-005
YDL165W,2.796942E-005
YKL189W,1.500481E-005
YJR051W,2.933724E-005
YKL094W,2.63397E-005
YOL030W,6.397545E-005
YPL179W,2.413456E-005
YJR019C,8.978221E-006
YJR135C,1.232886E-005
YGL213C,2.933724E-005
YDR147W,9.807162E-006
YBL080C,1.386736E-005
YMR076C,3.553015E-005
YGR205W,0.0001136112
YMR136W,2.096634E-005
YDL095W,0.000093677
YNL027W,1.572913E-005
YPL022W,1.093388E-005
YJL060W,6.72892E-005
YPL095C,7.186206E-006
YNL327W,3.384008E-005
YLR291C,1.72958E-005
YPR140W,2.012935E-005
YGR048W,0.000027626
YIR001C,3.813769E-005
YDL230W,1.777868E-005
YPR166C,6.624833E-005
YJR113C,2.073027E-005
YBR279W,2.880641E-005
YGL075C,8.978221E-006
YGR140W,2.130972E-005
YOL158C,5.45321E-006
YGR097W,1.572913E-005
YBR151W,1.232886E-005
YCL025C,2.096634E-005
YNR034W,5.352491E-005
YHR136C,2.587292E-005
YNL282W,1.110557E-005
YBR286W,4.128244E-005
YGL144C,3.017358E-006
YDR190C,3.866618E-005
YAL031C,6.204354E-006
YBL006C,1.526234E-005
YGR108W,1.279564E-005
YBR264C,1.174941E-005
YHR076W,2.63397E-005
YDR462W,2.130972E-005
YIL155C,6.397545E-005
YJL148W,2.430625E-005
YPL055C,2.148141E-005
YDR098C,5.156925E-005
YJR099W,2.723974E-005
YLR259C,0.0002794907
YPL157W,1.468289E-005
YKL005C,7.851505E-006
YGL166W,9.721317E-006
YHR114W,0.000028227
YBL024W,0.000042723
YOL067C,3.247326E-005
YOR275C,0.000008109
YDR127W,0.000165351
YDR400W,2.183552E-005
YOL018C,1.607251E-005
YLL048C,6.099443E-005
YNL264C,1.942314E-005
YOL027C,3.688221E-005
YPL120W,1.33751E-005
YIL075C,9.203252E-005
YOL145C,6.528257E-005
YJL099W,1.209279E-005
YHR149C,1.355617E-005
YLR324W,2.469255E-005
YNR074C,1.279564E-005
YIL097W,1.442536E-005
YOL045W,3.129289E-005
YFR010W,4.472781E-005
YHL009C,1.925145E-005
YMR311C,3.993038E-005
YJL109C,6.099443E-005
YLR304C,9.498411E-005
YBL039C,6.313519E-005
YGR188C,1.69095E-005
YNL048W,2.070881E-005
YGL064C,0.000018165
YDL053C,2.235059E-005
YKL109W,6.397545E-005
YKR062W,2.326538E-005
YMR119W,1.708119E-005
YER010C,1.555744E-005
YER176W,3.07349E-005
YMR097C,1.05905E-005
YDR158W,5.888888E-005
YLR166C,1.630858E-005
YDR393W,1.267224E-005
YHR079C,2.745435E-005
YDL035C,3.480583E-005
YER118C,1.903684E-005
YMR162C,3.317612E-005
YEL009C,1.34338E-006
YDR498C,1.598666E-005
YOR257W,3.671052E-005
YGR002C,1.279564E-005
YGR075C,2.343707E-005
YGR253C,3.905248E-005
YDR510W,4.543066E-005
YPL050C,3.042371E-005
YBR023C,3.259667E-005
YER058W,3.922417E-005
YPR010C,8.653223E-005
YPL231W,0.0001612371
YLR148W,1.966257E-005
YKL155C,1.966257E-005
YMR071C,3.422638E-005
YKR055W,2.599632E-005
YDR148C,8.360478E-005
YJR034W,3.61096E-005
YBR158W,5.066908E-006
YNL026W,1.425367E-005
YDR335W,3.456976E-005
YPR141C,3.259667E-005
YGR206W,3.422638E-005
YMR039C,4.438443E-005
YDR443C,2.552954E-005
YDR211W,3.28542E-005
YOR125C,0.000027626
YLL011W,3.247326E-005
YCR077C,3.61096E-005
YLR437C,2.691916E-005
YNL306W,3.553015E-005
YNL191W,1.966257E-005
YOR297C,0.000018165
YDR060W,5.313861E-005
YKR048C,3.636714E-005
YBR001C,2.070881E-005
YPL003W,0.000008667
YDR407C,2.495009E-005
YHR196W,2.723974E-005
YKL108W,6.204354E-006
YPR067W,1.72958E-005
YML092C,3.366839E-005
YJR074W,2.788357E-005
YLR100W,2.599632E-005
YDL148C,6.72892E-005
YAL012W,6.837568E-005
YMR288W,1.860762E-005
YBR167C,1.777868E-005
YIL156W,2.300784E-005
YPL196W,1.442536E-005
YJL149W,1.24147E-005
YNR017W,3.042371E-005
YFR037C,1.995766E-005
YDR364C,6.204354E-006
YJL212C,7.642465E-005
YML007W,2.300784E-005
YPL156C,1.72958E-005
YIL056W,0.000008109
YNL113W,4.472781E-005
YLR229C,3.813769E-005
YJR052W,1.023639E-005
YLR292C,3.187235E-005
YKL020C,2.343707E-005
YHR170W,5.653485E-005
YGL120C,3.688221E-005
YKL068W,1.656612E-005
YMR002W,3.775139E-005
YGL212W,1.502627E-005
YER081W,6.547734E-006
YPL178W,0.000025272
YOL111C,0.000028463
YDR004W,3.274893E-006
YIL074C,3.212988E-005
YMR312W,3.163627E-005
YOL144W,0.000027626
YMR297W,3.259667E-005
YIL021W,0.000028463
YNL249C,9.463782E-006
YGR056W,1.442536E-005
YOR185C,4.050983E-005
YGL065C,2.691916E-005
YOR052C,4.197993E-005
YLR196W,5.041034E-005
YPL078C,3.090659E-005
YJL203W,1.386736E-005
YJR112W,1.777868E-005
YGR116W,9.241882E-005
YJR083C,1.386736E-005
YOL159C,1.746749E-005
YKR084C,0.000022922
YBR263W,7.114954E-005
YOL086C,0.000093119
YBL001C,6.467294E-005
YBR185C,2.070881E-005
YDR019C,1.502627E-005
YER119C,1.973433E-005
YPL244C,1.00647E-005
YMR161W,2.413456E-005
YDR499W,1.942314E-005
YKL141W,4.280887E-005
YGL246C,2.096634E-005
YCR054C,1.232886E-005
YDR045C,3.953536E-005
YPL232W,2.503593E-005
YEL017W,1.33751E-005
YGR252W,1.062269E-005
YDL215C,1.708119E-005
YDR517W,2.130972E-005
YGR074W,2.691916E-005
YOR256C,2.012935E-005
YLL061W,4.912468E-005
YDR110W,1.149187E-005
YDR419W,6.928671E-006
YOR361C,4.943587E-005
YOR221C,1.630858E-005
YPL214C,6.547734E-006
YOR334W,1.72958E-005
YOL064C,0.000028463
YBL023C,2.820549E-005
YOR274W,0.000012624
YOR329C,1.093388E-005
YER151C,2.952234E-005
YPL209C,0.000028227
YNL267W,2.452086E-005
YDR258C,3.07349E-005
YPL254W,1.442536E-005
YNL307C,5.888888E-005
YLL012W,2.986572E-005
YCL052C,0.000012624
YLR438W,0.0001447363
YMR056C,0.000006757
YJL044C,1.24147E-005
YCR094W,1.942314E-005
YPR164W,4.128244E-005
YEL060C,6.159535E-005
YKR049C,2.343707E-005
YPR179C,1.560572E-005
YHR195W,1.00647E-005
YDL149W,1.942314E-005
YPL002C,1.062269E-005
YDR229W,0.000018165
YJR075W,3.726851E-005
YPR124W,3.456976E-005
YLL029W,1.860762E-005
YDL181W,5.694127E-005
YLR127C,1.833667E-005
YER017C,3.247326E-005
YBR022W,1.942314E-005
YKR063C,1.69095E-005
YML048W,7.200665E-005
YLR027C,3.992166E-005
YDL132W,3.482729E-005
YBL064C,2.413456E-005
YGL126W,1.093388E-005
YGR229C,1.903684E-005
YMR270C,4.723527E-006
YLR293C,7.054863E-005
YLR228C,1.656612E-005
YJR053W,1.860762E-005
YJL171C,7.702557E-005
YMR237W,3.155043E-005
YKL021C,3.259667E-005
YDL167C,2.916555E-005
YLR388W,9.870081E-005
YKL069W,3.163627E-005
YPL177C,1.062269E-005
YLR373C,2.587292E-005
YKL092C,3.343365E-005
YLR260W,0.000016652
YKL152C,6.157389E-005
YJR035W,1.777868E-005
YMR001C,1.860762E-005
YBL082C,1.386736E-005
YDL081C,4.982217E-005
YIR034C,2.796942E-005
YMR138W,1.339656E-005
YGL013C,3.090659E-005
YMR070W,2.326538E-005
YJL139C,8.978221E-006
YGR207C,5.156925E-005
YDR212W,6.624833E-005
YNL052W,4.699733E-005
YPL097W,1.886515E-005
YDR459C,3.360738E-006
YDR334W,2.986572E-005
YLR375W,4.723527E-006
YDR231C,1.656612E-005
YMR038C,3.506337E-005
YJL066C,2.186772E-005
YNL025C,7.851505E-006
YOR106W,7.76566E-006
YGR091W,1.24147E-005
YDL232W,7.668219E-005
YOR253W,3.970705E-005
YJL010C,3.212988E-005
YLR242C,1.572913E-005
YJR148W,3.970705E-005
YBR153W,7.851505E-006
YJR082C,0.000028227
YOR073W,1.572913E-005
YOR008C,3.319758E-005
YMR289W,0.000018165
YOL012C,3.422638E-005
YAL015C,1.05905E-005
YFL036W,0.000093119
YJR133W,4.215162E-005
YIL157C,2.148141E-005
YIL051C,4.085321E-005
YPL057C,1.708119E-005
YNL074C,3.540675E-005
YDR365C,5.262354E-005
YPL151C,0.000008109
YKL007W,2.27369E-005
YNL169C,1.386736E-005
YFR034C,1.598666E-005
YLR180W,0.0001792789
YDR460W,1.72958E-005
YOR360C,8.978221E-006
YOR335C,0.0001573986
YDR416W,0.000010451
YJL003W,3.970705E-005
YLR193C,3.422638E-005
YOL065C,1.925145E-005
YBL022C,0.0001060526
YGL164C,1.630858E-005
YOL130W,1.232886E-005
YPL255W,0.000012624
YOR095C,0.000025272
YEL038W,2.27369E-005
YDR392W,1.442536E-005
YOL025W,1.572913E-005
YLR051C,2.27369E-005
YPL208W,1.403905E-005
YOL147C,3.866618E-005
YNL280C,3.480583E-005
YDR007W,1.925145E-005
YOR284W,1.355617E-005
YBR233W,2.235059E-005
YPL122C,1.355617E-005
YIL022W,2.599632E-005
YNL248C,3.319758E-005
YMR313C,1.534819E-005
YGL179C,1.132018E-005
YGR120C,1.149187E-005
YBR025C,6.984577E-005
YML001W,0.000030252
YLL028W,2.892981E-005
YER016W,0.000020006
YDR386W,6.542369E-006
YKL128C,0.000028463
YER170W,0.000020006
YLR026C,2.256521E-005
YLR139C,2.657578E-005
YHR008C,4.111075E-005
YMR277W,1.339656E-005
YML049C,2.933724E-005
YGL125W,4.912468E-005
YDL033C,1.305318E-005
YMR255W,2.365168E-005
YGL247W,1.00647E-005
YER116C,1.534819E-005
YPR074C,0.0001180114
YCR057C,0.000030252
YMR197C,1.886515E-005
YDR516C,3.709682E-005
YPL233W,1.555744E-005
YOR063W,5.687823E-005
YLL060C,8.495343E-006
YPR047W,1.973433E-005
YKL219W,1.630858E-005
YDR044W,8.743361E-005
YEL016C,5.45321E-006
YKL078W,0.000021696
YAL027W,0.000020006
YPL215W,1.777868E-005
YIR037W,4.748021E-005
YGL012W,3.883787E-005
YGR129W,2.300784E-005
YMR073C,1.746749E-005
YAR018C,0.000010451
YMR139W,1.598666E-005
YDL080C,7.186206E-006
YOR172W,7.272051E-006
YDR213W,2.587292E-005
YNL053W,0.000008109
YNL322C,2.952234E-005
YGR208W,2.880641E-005
YBL058W,3.688221E-005
YKR079C,3.042371E-005
YNL197C,2.691916E-005
YLR439W,1.598666E-005
YCL051W,1.442536E-005
YOR127W,1.24147E-005
YLL013C,0.0002465015
YJL047C,1.00647E-005
YER038C,0.000008109
YDR275W,1.110557E-005
YHR049W,5.863135E-005
YEL061C,3.992166E-005
YML027W,0.000018165
YPL001W,1.526234E-005
YDR228C,1.149187E-005
YHR194W,5.6249E-006
YGR288W,5.882435E-006
YOR295W,7.508125E-006
YLR102C,1.110557E-005
YOR158W,3.247326E-005
YPR178W,1.110557E-005
YNL159C,1.279564E-005
YAL014C,8.978221E-006
YFL037W,5.662069E-005
YJR132W,4.050983E-005
YBR243C,3.259667E-005
YLR181C,1.852177E-005
YPL058C,1.973433E-005
YCR073C,3.274893E-006
YNR011C,1.72958E-005
YIL050W,0.000013139
YLR309C,5.066788E-005
YIL068C,1.33751E-005
YDR153C,1.833667E-005
YJL065C,1.110557E-005
YKR020W,4.149705E-005
YDR308C,2.63397E-005
YLR372W,3.688221E-005
YMR004W,0.000021696
YER083C,2.452086E-005
YPL176C,1.833667E-005
YBR248C,2.691916E-005
YHR172W,0.000028227
YDL168W,4.786652E-005
YDL240W,3.709682E-005
YBR234C,2.745435E-005
YFR013W,0.000018165
YBR261C,3.482729E-005
YPR088C,4.166874E-005
YHR013C,4.943587E-005
YNL253W,1.966257E-005
YOL040C,6.950239E-005
YGR072W,1.630858E-005
YNL287W,7.054863E-005
YIL023C,9.149911E-006
YOL146W,2.788357E-005
YHR144C,2.070881E-005
YPL123C,1.526234E-005
YBR229C,4.111075E-005
YDR297W,3.671052E-005
YGR123C,9.496265E-005
YMR314W,4.472781E-005
YNL247W,6.347857E-005
YOR054C,1.746749E-005
YMR184W,0.000022922
YPL118W,2.148141E-005
YGR090W,4.197993E-005
YFR028C,0.000021696
YNL132W,7.610273E-005
YDL120W,2.745435E-005
YKL048C,1.534819E-005
YBR152W,2.235059E-005
YDR292C,0.000027626
YER166W,4.39552E-005
YNL137C,2.382337E-005
YAL036C,3.163627E-005
YCL028W,2.625386E-005
YHR208W,6.397545E-005
YDL065C,0.000047169
YGL244W,3.482729E-005
YMR167W,1.207132E-005
YOR249C,1.00647E-005
YNL229C,2.933724E-005
YDL030W,1.093388E-005
YOR301W,1.500481E-005
YKL218C,1.207132E-005
YEL011W,1.149187E-005
YOR140W,2.933724E-005
YLL063C,3.274893E-006
YDR515W,6.711751E-005
YOR254C,6.099443E-005
YOR201C,1.174941E-005
YOR276W,5.439409E-005
YMR309C,0.000113182
YOR089C,4.009335E-005
YHR119W,1.69095E-005
YOR230W,3.343365E-005
YLR186W,0.000021696
YMR180C,8.495343E-006
YGL163C,1.305318E-005
YOR336W,6.043644E-005
YBL021C,0.00001633
YLR007W,0.000008667
YPL252C,3.11212E-005
YOR094W,3.905248E-005
YER157W,1.468289E-005
YEL037C,3.294005E-005
YMR054W,5.995356E-005
YOR126C,3.259667E-005
YCL050C,5.139756E-005
YGR047C,2.986572E-005
YKR078W,1.386736E-005
YPR079W,1.795037E-005
YOR191W,2.452086E-005
YDR272W,0.000051183
YOR159C,3.456976E-005
YLR103C,1.500481E-005
YEL062W,1.555744E-005
YPR031W,1.110557E-005
YBR006W,2.382337E-005
YLR038C,5.816456E-005
YPR085C,3.596812E-006
YNL212W,3.482729E-005
YER015W,8.495343E-006
YLR353W,2.845668E-006
YML006C,1.386736E-005
YPR046W,1.630858E-005
YDR439W,1.33751E-005
YBR024W,2.745435E-005
YLR401C,2.105219E-005
YER171W,1.442536E-005
YDL047W,3.07349E-005
YML046W,1.149187E-005
YGL124C,6.928671E-006
YMR276W,3.726851E-005
YMR149W,0.000037966
YLR165C,7.272051E-006
YLR025W,3.319758E-005
YER139C,2.148141E-005
YLR138W,3.259667E-005
YDR122W,2.186772E-005
YDR341C,6.72892E-005
YJL013C,1.598666E-005
YJL173C,4.472781E-005
YKL127W,0.000048953
YDR309C,2.892981E-005
YKR021W,1.267224E-005
YLR386W,1.708119E-005
YLR371W,2.047273E-005
YKL067W,5.629878E-005
YMR005W,0.000016652
YLR262C,5.243843E-005
YER044C,5.850794E-005
YMR072W,4.018791E-005
YJR033C,3.75797E-005
YDL087C,1.708119E-005
YKR056W,2.326538E-005
YGL011C,2.952234E-005
YMR123W,0.00004342
YNL323W,5.188044E-005
YDR406W,4.197993E-005
YCL043C,5.335322E-005
YPL091W,5.531692E-005
YML068W,6.542369E-006
YIR008C,9.463782E-006
YLR240W,1.72958E-005
YOR039W,1.69095E-005
YPL217C,9.725217E-005
YDL234C,1.500481E-005
YDR036C,3.813769E-005
YNL136W,2.365168E-005
YKL049C,0.000021696
YDR293C,1.852177E-005
YBR155W,0.004905908
YNR038W,3.61096E-005
YCL029C,1.925145E-005
YLR195C,2.469255E-005
YOR071C,2.186772E-005
YAL017W,3.587353E-005
YFL038C,6.484463E-005
YNR013C,0.000020006
YJR131W,2.895094E-005
YNL158W,1.72958E-005
YNR012W,1.279564E-005
YBR109C,3.535846E-005
YJL151C,3.187235E-005
YNL110C,4.111075E-005
YPL153C,2.300784E-005
YHR072W,1.852177E-005
YKL001C,1.852177E-005
YBR173C,2.820549E-005
YGL253W,0.0004676314
YHL032C,4.197727E-006
YMR308C,3.992166E-005
YMR183C,3.61096E-005
YDR414C,0.000010451
YOR337W,1.174941E-005
YHR118C,2.012935E-005
YGR024C,1.093388E-005
YOL023W,2.413456E-005
YPL253C,1.925145E-005
YBL020W,1.72958E-005
YER154W,3.813769E-005
YBR208C,2.625386E-005
YEL036C,0.000018165
YBR260C,2.933724E-005
YCL034W,1.69095E-005
YNL231C,2.952234E-005
YPL124W,1.132018E-005
YAL042W,3.187235E-005
YLL021W,7.877868E-005
YAL035W,0.0001260607
YOL041C,3.709682E-005
YIL071C,3.596812E-006
YNL286W,1.386736E-005
YDR001C,2.21789E-005
YIL162W,6.313519E-005
YOL141W,3.726851E-005
YOL109W,0.0001247569
YBR195C,1.72958E-005
YML130C,3.726851E-005
YLR328W,2.012935E-005
YBR228W,0.000008109
YGR046W,1.72958E-005
YDR384C,3.405469E-005
YLR039C,1.973433E-005
YNL097C,0.000020006
YER063W,2.582463E-005
YDR481C,3.813769E-005
YER014W,1.886515E-005
YPR041W,3.482729E-005
YNL213C,1.500481E-005
YDL046W,5.335322E-005
YBR058C,3.189381E-005
YLR024C,3.992166E-005
YLR071C,2.21789E-005
YEL058W,2.659724E-005
YJR001W,2.012935E-005
YDR434W,0.000021696
YLR006C,8.978221E-006
YER149C,2.326538E-005
YER114C,0.000012624
YHR127W,1.598666E-005
YDL031W,5.226674E-005
YMR257C,1.149187E-005
YDR046C,4.30664E-005
YMR228W,1.69095E-005
YOR202W,2.21789E-005
YGL245W,6.868687E-005
YHL014C,1.995766E-005
YGR006W,1.149187E-005
YER045C,6.225815E-006
YGL198W,1.555744E-005
YKL104C,3.688221E-005
YJR065C,3.259667E-005
YML069W,3.317612E-005
YKR019C,8.978221E-006
YGR279C,0.0002615144
YMR275C,2.561539E-005
YBL056W,3.343365E-005
YIL020C,2.952234E-005
YLL015W,3.866618E-005
YMR202W,6.467294E-005
YKR077W,2.880641E-005
YDR173C,1.468289E-005
YMR100W,3.35195E-005
YCL057W,5.043181E-005
YBR072W,3.970705E-005
YBR005W,1.093388E-005
YGR231C,3.992166E-005
YEL063C,4.018791E-005
YDR326C,4.601012E-005
YML021C,2.382337E-005
YPR032W,3.405469E-005
YMR006C,8.50836E-005
YJR130C,1.023639E-005
YAL016W,2.552954E-005
YNR039C,1.05905E-005
YPL152W,1.942314E-005
YLR183C,3.294005E-005
YPL064C,0.000012624
YNL077W,3.540675E-005
YHR073W,1.69095E-005
YBR172C,2.096634E-005
YDR346C,4.856669E-005
YJL172W,0.0001233633
YDR151C,1.279564E-005
YBL078C,3.709682E-005
YNL051W,1.656612E-005
YPL092W,0.000022922
YPL029W,9.721317E-006
YHR146W,5.101126E-005
YKL024C,3.259667E-005
YKL126W,2.413456E-005
YKL039W,2.599632E-005
YKL064W,2.148141E-005
YKR022C,0.000008667
YPL061W,0.0001237067
YLR370C,4.236623E-005
YLR387C,0.000019391
YKL122C,3.506337E-005
YHR011W,1.355617E-005
YAL043C,1.33751E-005
YOL093W,1.903684E-005
YOL042W,1.708119E-005
YER042W,4.748021E-005
YBR236C,1.607251E-005
YPL125W,2.587292E-005
YIL070C,9.203252E-005
YCL037C,0.0007436774
YDR289C,4.543066E-005
YOR157C,3.456976E-005
YNL245C,0.000010451
YGL040C,2.63397E-005
YLR305C,3.709682E-005
YNR024W,1.925145E-005
YOL108C,0.000018165
YJL092W,2.529347E-005
YMR316W,0.000008109
YOL140W,9.463782E-006
YIL038C,4.128244E-005
YPL043W,4.699733E-005
YIL138C,5.687823E-005
YIL143C,1.860762E-005
YGR092W,1.24147E-005
YDR328C,3.688221E-005
YLR247C,1.995766E-005
YOR038C,1.852177E-005
YDL235C,3.187235E-005
YIR009W,1.110557E-005
YOR362C,3.993038E-005
YGR103W,4.253792E-005
YGR178C,3.905248E-005
YGR057C,0.000008109
YPR171W,1.023639E-005
YNL139C,5.243843E-005
YGL143C,1.355617E-005
YKR101W,1.149187E-005
YOL020W,3.221573E-005
YDR135C,7.458972E-005
YER115C,5.96828E-006
YMR256C,0.0001098949
YER148W,2.070881E-005
YHL015W,5.863135E-005
YOR303W,0.000008109
YOR252W,4.085321E-005
YMR192W,1.607251E-005
YGR078C,2.659724E-005
YML074C,0.0001258032
YMR229C,0.0001313358
YLL038C,0.000010451
YGR007W,1.425367E-005
YOR056C,0.000025272
YDR261C,2.561539E-005
YOR270C,4.053129E-005
YGL252C,2.503593E-005
YBR201W,2.012935E-005
YLL043W,1.826424E-005
YGL161C,1.72958E-005
YOL133W,2.916555E-005
YNL263C,2.659724E-005
YDR128W,1.500481E-005
YNL148C,1.386736E-005
YGL119W,1.973433E-005
YMR052W,1.995766E-005
YCR072C,1.966257E-005
YMR203W,0.000082132
YCR023C,6.542369E-006
YGR278W,1.05905E-005
YEL064C,9.463782E-006
YDR270W,5.557446E-005
YDR172W,6.380376E-005
YPR033C,0.000057671
YPR120C,9.807162E-006
YPR062W,5.569786E-005
YBL041W,4.960756E-005
YGL127C,2.657578E-005
YDR528W,1.560572E-005
YDL058W,0.0001162643
YER173W,6.225815E-006
YBR026C,2.452086E-005
YNL214W,1.00647E-005
YDL185W,0.0001764313
YER060W,1.656612E-005
YBR091C,1.149187E-005
YPR180W,2.27369E-005
YEL013W,0.000061252
YNL094W,5.6249E-006
YGL056C,2.256521E-005
YDR480W,1.232886E-005
YML004C,4.39552E-005
YPL227C,2.235059E-005
YDL010W,2.657578E-005
YBR059C,3.448391E-005
YML019W,1.442536E-005
YDL045C,1.476874E-005
YLR163C,2.659724E-005
YDL198C,3.384008E-005
YGR212W,0.000006757
YJL011C,2.916555E-005
YKL138C,7.27578E-005
YBL079W,3.726851E-005
YNL056W,1.442536E-005
YPL093W,5.205213E-005
YPL028W,5.473747E-005
YFL001W,1.534819E-005
YKL025C,2.469255E-005
YER086W,4.912468E-005
YDR207C,2.430625E-005
YKL125W,2.047273E-005
YLR264W,5.715588E-005
YKL170W,4.601012E-005
YKL038W,1.232886E-005
YLR286C,4.166874E-005
YNL016W,4.215162E-005
YBR065C,1.995766E-005
YLR384C,6.624833E-005
YPL060W,2.183552E-005
YML099C,0.000008667
YLR421C,3.75797E-005
YLR090W,2.413456E-005
YJR064W,6.191727E-005
YML022W,4.309809E-005
YMR029C,2.365168E-005
YGL017W,0.000006757
YDL150W,1.598666E-005
YOR171C,3.448391E-005
YKL003C,2.452086E-005
YOL007C,2.382337E-005
YIL139C,8.634841E-006
YJR119C,1.24147E-005
YLR359W,4.912468E-005
YHR069C,1.534819E-005
YPL042C,1.386736E-005
YIL142W,4.018791E-005
YFR025C,0.00001633
YIR006C,0.00006642
YMR199W,2.796942E-005
YJL081C,1.598666E-005
YKL192C,5.226674E-005
YIL041W,4.678272E-005
YNL138W,5.523108E-005
YNR009W,0.000027626
YGL142C,1.526234E-005
YGR179C,1.425367E-005
YKL065C,3.003741E-005
YBR139W,3.422638E-005
YJR046W,1.339656E-005
YHR188C,2.326538E-005
YBR052C,3.840864E-005
YFL023W,3.578769E-005
YNL116W,1.526234E-005
YDR361C,3.11212E-005
YBR171W,2.892981E-005
YNL070W,0.0001117923
YGL255W,9.807162E-006
YFR007W,2.096634E-005
YLR333C,0.00009082
YHL030W,6.950239E-005
YBR200W,1.572913E-005
YGL077C,3.953536E-005
YPL204W,1.69095E-005
YOL069W,1.062269E-005
YGL160W,2.933724E-005
YOR091W,2.820549E-005
YDL067C,0.0001584073
YAL040C,2.038689E-005
YDR288W,7.529586E-006
YGL208W,9.721317E-006
YNL284C,2.27369E-005
YOR077W,1.607251E-005
YOL143C,4.603158E-005
YOL043C,6.461889E-006
YBR237W,1.207132E-005
YIL026C,3.003741E-005
YHR147C,4.307663E-005
YJL093C,5.96828E-006
YDR003W,1.132018E-005
YNL244C,4.236623E-005
YNR027W,8.978221E-006
YOR251C,3.422638E-005
YPR181C,0.000088005
YCL008C,5.45321E-006
YML005W,0.000008109
YNL215W,1.442536E-005
YDR529C,6.528257E-005
YGR044C,1.093388E-005
YDL059C,2.130972E-005
YOR204W,0.0004795525
YDR382W,5.243843E-005
YDR483W,3.221573E-005
YOR219C,0.000020006
YER061C,2.21789E-005
YLR135W,0.000020006
YLR022C,2.047273E-005
YPL226W,0.000093119
YER183C,1.852177E-005
YDL044C,1.598666E-005
YHR090C,1.425367E-005
YOL021C,4.018791E-005
YER112W,6.781768E-005
YBR295W,5.45321E-006
YKL018W,0.000016652
YEL034W,0.0001084972
YNR050C,0.00004342
YLR019W,1.526234E-005
YKR100C,1.442536E-005
YKL208W,0.000010451
YGR004W,1.355617E-005
YML110C,2.960819E-005
YDL140C,0.0001065355
YGL048C,2.745435E-005
YGL243W,3.854347E-006
YML023C,2.845668E-006
YFL047W,0.000012624
YER047C,1.833667E-005
YPR029C,2.892981E-005
YML098W,1.572913E-005
YJL034W,0.0001000046
YLR420W,3.883787E-005
YJR067C,3.042371E-005
YFL048C,2.625386E-005
YLR117C,0.000010451
YDL153C,4.438443E-005
YOR176W,3.726851E-005
YOR109W,0.000028463
YJR069C,4.39552E-005
YIR033W,2.073027E-005
YBL089W,1.110557E-005
YDL084W,3.922417E-005
YGL016W,5.629878E-005
YER029C,3.07349E-005
YCL055W,2.300784E-005
YGL116W,1.305318E-005
YBL054W,1.526234E-005
YCR024C,0.000018165
YMR200W,2.552954E-005
YPL160W,0.0001815055
YDR175C,1.708119E-005
YPR034W,1.279564E-005
YOR189W,2.148141E-005
YGR233C,3.11212E-005
YBR070C,1.110557E-005
YDR351W,1.00647E-005
YNL315C,2.625386E-005
YOR299W,1.00647E-005
YDR224C,0.000051183
YJR045C,0.0003190513
YMR008C,3.259667E-005
YDR349C,1.062269E-005
YKL062W,3.090659E-005
YJR010W,1.833667E-005
YIL126W,6.950239E-005
YDR093W,5.008843E-005
YMR282C,8.978221E-006
YIL109C,1.555744E-005
YDR362C,1.207132E-005
YFL022C,0.000045774
YJL156C,1.833667E-005
YNL071W,3.189381E-005
YGR211W,6.099443E-005
YJL174W,2.659724E-005
YJL069C,1.708119E-005
YLR298C,0.000030252
YFL027C,1.183525E-005
YJR058C,1.34338E-006
YDR464W,3.775139E-005
YLR285W,3.259667E-005
YDR359C,2.495009E-005
YKL124W,2.21789E-005
YDR304C,4.603158E-005
YCR086W,2.012935E-005
YDR206W,7.508125E-006
YJL056C,5.6249E-006
YKR024C,3.187235E-005
YPL063W,3.83228E-005
YBR156C,0.000016652
YOR076C,1.149187E-005
YOL142W,2.413456E-005
YDR287W,2.038689E-005
YGL209W,2.796942E-005
YDR405W,2.235059E-005
YCL031C,2.986572E-005
YIL027C,4.076737E-005
YLR459W,3.709682E-005
YNL243W,2.820549E-005
YJL090C,8.978221E-006
YNR026C,2.63397E-005
YLR190W,0.000025272
YDR002W,8.126282E-005
YNL297C,3.480583E-005
YNL039W,1.209279E-005
YBR170C,2.186772E-005
YDR458C,0.000018165
YJR118C,3.384008E-005
YGL148W,0.000054995
YKL193C,2.529347E-005
YGL083W,2.130972E-005
YGR101W,1.110557E-005
YLR310C,2.469255E-005
YNR008W,4.530726E-005
YOL077C,4.603158E-005
YDR137W,1.232886E-005
YHR031C,1.174941E-005
YGL058W,7.310118E-005
YLR441C,5.313861E-005
YIL010W,1.746749E-005
YNR051C,4.470635E-005
YHR122W,1.777868E-005
YMR190C,1.973433E-005
YGR005C,4.412689E-005
YML111W,1.973433E-005
YLR325C,6.560449E-005
YHL034C,5.523108E-005
YCR052W,1.886515E-005
YLR332W,1.860762E-005
YOR272W,4.438443E-005
YOR058C,2.073027E-005
YOL059W,3.970705E-005
YHL031C,1.708119E-005
YOR026W,9.807162E-006
YOR358W,7.508125E-006
YER036C,9.498411E-005
YNL238W,2.235059E-005
YJL198W,1.630858E-005
YPL207W,3.422638E-005
YGR027C,5.38361E-005
YOL135C,1.355617E-005
YLL041C,2.933724E-005
YOR193W,3.854347E-006
YER026C,2.796942E-005
YLR410W,3.970705E-005
YMR105C,0.000010451
YLR069C,7.642465E-005
YJL110C,8.634841E-006
YDR069C,8.495343E-006
YGR232W,3.129289E-005
YEL066W,3.003741E-005
YBL055C,1.386736E-005
YPR035W,0.000070892
YOR188W,2.070881E-005
YNL314W,0.000004584
YLL018C,4.197993E-005
YDR227W,1.886515E-005
YPR060C,2.096634E-005
YMR037C,2.469255E-005
YDR174W,2.27369E-005
YOR155C,1.598666E-005
YOR250C,9.149911E-006
YCL009C,0.000030252
YDR482C,1.062269E-005
YPR182W,4.943587E-005
YDR034C,7.508125E-006
YGL054C,6.428664E-005
YLR021W,1.795037E-005
YLR074C,3.212988E-005
YNL216W,2.854887E-005
YLR405W,8.978221E-006
YPL225W,5.694127E-005
YDL043C,1.860762E-005
YHR091C,6.204354E-006
YPR148C,0.000027626
YLR299W,2.235059E-005
YOR108W,3.83228E-005
YPL051W,1.973433E-005
YJL068C,2.820549E-005
YNL054W,3.726851E-005
YDR156W,3.405469E-005
YPR155C,1.279564E-005
YHR179W,9.773505E-005
YOR137C,0.000006757
YNL049C,2.706805E-005
YKL172W,5.043181E-005
YKR025W,0.000030252
YDR205W,2.130972E-005
YJL057C,7.186206E-006
YPR100W,4.39552E-005
YLR266C,1.68676E-006
YER088C,1.442536E-005
YLR284C,1.24147E-005
YDR358W,2.096634E-005
YKL101W,0.000037966
YLR096W,2.880641E-005
YJL035C,3.61096E-005
YKR052C,1.00647E-005
YPR107C,0.000018165
YLR427W,0.000013139
YER019W,0.000010451
YPR175W,2.096634E-005
YLR116W,0.000008667
YER008C,2.430625E-005
YMR127C,6.225815E-006
YBR177C,1.925145E-005
YIL140W,3.866618E-005
YJL155C,1.355617E-005
YLL062C,2.070881E-005
YLR197W,9.708048E-005
YFR027W,0.000013139
YJL122W,4.543066E-005
YJL204C,2.012935E-005
YLR244C,3.709682E-005
YJR084W,7.529586E-006
YBR004C,1.607251E-005
YNR007C,0.000019391
YGL084C,5.523108E-005
YLR382C,3.905248E-005
YDL170W,0.000008109
YJR044C,4.912468E-005
YLR219W,1.572913E-005
YMR009W,2.256521E-005
YNL072W,1.425367E-005
YDR363W,1.403905E-005
YFL021W,1.502627E-005
YMR283C,5.45321E-006
YNL163C,2.706805E-005
YFR005C,7.508125E-006
YFR050C,3.405469E-005
YLR447C,2.469255E-005
YOL058W,5.296692E-005
YAR019C,1.279564E-005
YGL071W,1.833667E-005
YGL257C,8.495343E-006
YOR359W,3.854347E-006
YNL239W,3.953536E-005
YDR410C,1.110557E-005
YGR020C,4.699733E-005
YOR322C,1.339656E-005
YBR193C,1.132018E-005
YDR198C,0.000008109
YAL039C,2.552954E-005
YGR100W,1.656612E-005
YLR403W,2.105219E-005
YOR002W,1.69095E-005
YOR075W,1.886515E-005
YDR404C,3.221573E-005
YNL242W,0.000037966
YPL128C,5.732758E-005
YOL090W,6.082274E-005
YJL091C,2.469255E-005
YDR380W,5.45321E-006
YGR191W,0.000030252
YBR094W,1.925145E-005
YDR035W,5.313861E-005
YMR224C,0.000006757
YDR485C,1.267224E-005
YPL239W,4.960756E-005
YPR183W,4.470635E-005
YOR206W,3.247326E-005
YBL042C,3.75797E-005
YOL001W,2.459365E-006
YLR075W,5.262354E-005
YBR054W,4.943587E-005
YLR020C,1.403905E-005
YLR404W,1.093388E-005
YDL042C,1.442536E-005
YPL206C,2.256521E-005
YOL136C,1.973433E-005
YDL060W,2.413456E-005
YLR002C,2.235059E-005
YNR052C,1.132018E-005
YEL032W,2.854887E-005
YOL076W,0.000046611
YER145C,3.922417E-005
YER110C,0.0001917923
YOR236W,2.529347E-005
YOR304W,2.916555E-005
YLR023C,2.413456E-005
YML112W,1.279564E-005
YGL241W,1.826424E-005
YPR176C,1.903684E-005
YKR008W,2.691916E-005
YDR123C,0.000010451
YDR226W,0.0001102812
YDR057W,2.235059E-005
YLR097C,1.33751E-005
YDR108W,1.093388E-005
YER041W,4.197727E-006
YER009W,5.188044E-005
YDL155W,1.00647E-005
YLR115W,2.096634E-005
YGL014W,3.247326E-005
YML043C,1.149187E-005
YLR068W,4.699733E-005
YER027C,1.442536E-005
YER167W,7.508125E-006
YDL013W,9.149911E-006
YMR104C,1.502627E-005
YKR088C,1.69095E-005
YDL195W,0.002823406
YNL199C,1.534819E-005
YCR026C,2.343707E-005
YBL052C,1.442536E-005
YPR036W,2.503593E-005
YNL317W,1.279564E-005
YLL019C,0.000047169
YDR068W,0.000027626
YDR177W,3.247326E-005
YHR052W,3.003741E-005
YKR026C,1.925145E-005
YJR043C,3.187235E-005
YKL060C,6.380376E-005
YKL173W,2.820549E-005
YLR383W,3.090659E-005
YNL073W,1.656612E-005
YNL160W,0.000036453
YMR013C,8.978221E-006
YJL014W,6.082274E-005
YDR219C,1.826424E-005
YCR011C,7.348211E-005
YNL055C,5.629878E-005
YOR174W,1.232886E-005
YFL002C,2.326538E-005
YDR155C,0.0002067782
YPR149W,5.226674E-005
YGL181W,7.76566E-006
YJL176C,2.552954E-005
YPL087W,2.892981E-005
YNL015W,0.0001134395
YCR084C,0.000061252
YDL166C,3.905248E-005
YJL054W,1.656612E-005
YHR178W,1.062269E-005
YPL170W,0.000028227
YDR204W,1.526234E-005
YPR101W,1.69095E-005
YER089C,3.042371E-005
YAL038W,0.000113182
YAL047C,2.012935E-005
YDR285W,9.149911E-006
YOL119C,1.403905E-005
YOR003W,7.76566E-006
YHR121W,3.993038E-005
YOL097C,2.916555E-005
YJL096W,6.428664E-005
YCL033C,2.587292E-005
YNR020C,4.543066E-005
YBR258C,2.430625E-005
YAL007C,4.215162E-005
YHR142W,0.000008667
YOR264W,8.495343E-006
YNL241C,3.83228E-005
YJL154C,2.21789E-005
YDR091C,4.39552E-005
YJL123C,2.235059E-005
YIR005W,1.886515E-005
YPL047W,0.000012624
YPL188W,1.69095E-005
YBR011C,8.339017E-005
YIL147C,0.000022922
YBR176W,2.326538E-005
YPL173W,3.405469E-005
YDR054C,2.382337E-005
YGL238W,2.561539E-005
YHR060W,2.796942E-005
YKL017C,1.598666E-005
YKL191W,1.860762E-005
YNR006W,1.526234E-005
YHR120W,0.000010451
YOL137W,0.000018165
YDR530C,1.05905E-005
YER111C,2.130972E-005
YEL031W,0.0001335597
YOL071W,5.043181E-005
YER144C,0.000004584
YOL039W,9.537733E-005
YNL298W,0.000012624
YBR290W,1.777868E-005
YML113W,6.928671E-006
YHL011C,2.895094E-005
YLR208W,5.792849E-005
YGL173C,9.44545E-005
YLR330W,3.953536E-005
YFR051C,4.530726E-005
YOL057W,3.578769E-005
YFR004W,6.012525E-005
YOR369C,4.053129E-005
YOR025W,1.232886E-005
YOR092W,2.469255E-005
YML128C,8.28073E-006
YDR411C,1.572913E-005
YBR205W,4.412689E-005
YOR321W,4.748021E-005
YGL070C,3.259667E-005
YGL256W,8.28073E-006
YMR278W,2.503593E-005
YLR136C,2.266446E-005
YML015C,1.74353E-005
YOR197W,2.854887E-005
YKR089C,1.598666E-005
YKR072C,1.305318E-005
YDL014W,0.000057671
YCR027C,0.000018165
YDR422C,1.630858E-005
YER024W,3.017358E-006
YLR457C,6.928671E-006
YGR234W,4.307663E-005
YGL115W,2.723974E-005
YMR247C,5.653485E-005
YPR037C,3.456976E-005
YBR077C,2.148141E-005
YDR176W,1.903684E-005
YNL090W,2.130972E-005
YOR307C,1.207132E-005
YDR484W,1.33751E-005
YOR207C,0.00006642
YNL183C,0.000030252
YBR095C,2.130972E-005
YBL045C,6.551865E-005
YDR524C,1.425367E-005
YPR184W,3.003741E-005
YOL002C,1.833667E-005
YNL218W,0.000010451
YBR088C,6.289912E-005
YBR055C,1.00647E-005
YOR175C,3.75797E-005
YNL329C,1.00647E-005
YFL005W,0.000045774
YMR152W,2.561539E-005
YGL028C,3.003741E-005
YJR031C,2.796942E-005
YGR216C,5.96828E-006
YLR424W,1.355617E-005
YGL123W,5.569786E-005
YDR303C,2.788357E-005
YPL086C,3.042371E-005
YPL184C,1.925145E-005
YKR066C,4.128244E-005
YDR252W,0.000027626
YLL003W,5.6249E-006
YLR425W,2.343707E-005
YNL316C,1.598666E-005
YDR221W,3.83228E-005
YLR109W,0.0001002621
YKR009C,1.386736E-005
YMR078C,1.560572E-005
YLR094C,2.413456E-005
YBR037C,2.012935E-005
YLR114C,3.11212E-005
YJR060W,2.413456E-005
YLR141W,1.149187E-005
YDL089W,1.183525E-005
YPL159C,2.326538E-005
YBR102C,1.795037E-005
YNL161W,1.69095E-005
YDR096W,1.942314E-005
YBR175W,0.000008667
YPL046C,3.07349E-005
YKL196C,5.041034E-005
YLR231C,2.073027E-005
YFR021W,1.33751E-005
YNL129W,3.422638E-005
YKL016C,0.000059739
YPL111W,7.528721E-005
YFL049W,1.232886E-005
YKL174C,1.886515E-005
YJR013W,1.72958E-005
YDL176W,6.204354E-006
YKR027W,8.978221E-006
YLR380W,4.166874E-005
YKL034W,1.860762E-005
YJR042W,0.000036453
YMR281W,2.148141E-005
YMR012W,0.0001379565
YER093C,2.365168E-005
YHR186C,3.343365E-005
YDL201W,3.726851E-005
YDR468C,1.886515E-005
YFR003C,3.905248E-005
YIL033C,0.000030252
YOR368W,2.723974E-005
YGR128C,2.691916E-005
YPL133C,1.355617E-005
YLR337C,3.553015E-005
YOL056W,2.503593E-005
YFR052W,3.953536E-005
YMR302C,3.456976E-005
YGR088W,6.928671E-006
YGL073W,0.000012624
YMR189W,3.294005E-005
YGR106C,3.970705E-005
YGL086W,5.715588E-005
YAL044C,4.309809E-005
YPR081C,1.33751E-005
YNR023W,9.149911E-006
YOL096C,1.942314E-005
YDR284C,2.683331E-005
YJL097W,4.438443E-005
YNL135C,5.923226E-005
YCL032W,1.023639E-005
YOR048C,4.053129E-005
YNL240C,1.267224E-005
YDR233C,4.999386E-005
YHR143W,3.813769E-005
YBR222C,4.601012E-005
YOR306C,5.6249E-006
YNL091W,1.942314E-005
YDL040C,3.83228E-005
YMR226C,2.960819E-005
YDR329C,1.468289E-005
YNL281W,2.820549E-005
YDR430C,4.803821E-005
YGR193C,2.582463E-005
YPR185W,0.000016652
YGL248W,0.000008667
YNL219C,3.189381E-005
YDR037W,0.000071792
YGR040W,0.000012624
YER178W,0.000051183
YOL003C,1.746749E-005
YOR320C,1.502627E-005
YHR034C,1.403905E-005
YBL019W,7.272051E-006
YOL070C,3.247326E-005
YOL138C,0.00001633
YGR150C,1.973433E-005
YDR533C,0.000018165
YNR054C,2.960819E-005
YER147C,1.207132E-005
YDR130C,1.33751E-005
YBR291C,5.6249E-006
YOL038W,2.587292E-005
YML114C,7.272051E-006
YHR201C,4.149705E-005
YNL299W,1.630858E-005
YGR008C,5.863135E-005
YKL211C,3.75797E-005
YNL311C,9.463782E-006
YLL002W,0.000010451
YMR204C,1.630858E-005
YDR165W,3.883787E-005
YER043C,0.0001996678
YOR150W,3.613107E-005
YDR055W,1.232886E-005
YLR095C,7.186206E-006
YBR034C,5.226674E-005
YDL236W,2.503593E-005
YDL088C,1.386736E-005
YJR063W,6.012525E-005
YLR113W,1.062269E-005
YJL184W,3.553015E-005
YER025W,8.761871E-005
YDL015C,4.412689E-005
YKR086W,1.00647E-005
YML041C,1.110557E-005
YDL197C,2.459365E-006
YDR428C,2.012935E-005
YER165W,8.727533E-005
YMR106C,1.572913E-005
YCL059C,4.253792E-005
YML014W,1.886515E-005
YKR071C,2.452086E-005
YOR233W,1.468289E-005
YPL040C,0.000021696
YMR179W,2.691916E-005
YDL008W,2.235059E-005
YGR280C,2.326538E-005
YJR014W,0.00004342
YHR050W,2.343707E-005
YPL018W,6.928671E-006
YKL120W,1.777868E-005
YJR041C,3.540675E-005
YKL175W,2.986572E-005
YLR381W,7.76566E-006
YMR286W,3.75797E-005
YDL175C,1.386736E-005
YKL168C,1.023639E-005
YIR012W,4.912468E-005
YDL200C,3.090659E-005
YDL102W,4.307663E-005
YER092W,2.256521E-005
YLR214W,3.636714E-005
YGL029W,5.627731E-005
YFL004W,7.042523E-005
YBR115C,3.671052E-005
YDL128W,5.041034E-005
YPL098C,4.309809E-005
YMR153W,9.463782E-006
YPR103W,3.221573E-005
YGR262C,1.442536E-005
YDR202C,1.24147E-005
YJL146W,1.174941E-005
YGR215W,3.83228E-005
YCR082W,2.012935E-005
YDR300C,3.259667E-005
YOR001W,1.708119E-005
YGR172C,2.012935E-005
YLR276C,2.875812E-005
YGR105W,6.560449E-005
YDR283C,1.886515E-005
YBR192W,1.209279E-005
YNL188W,9.149911E-006
YOL095C,8.634841E-006
YNR022C,4.39552E-005
YBR125C,2.012935E-005
YBR221C,6.313519E-005
YJL094C,1.207132E-005
YGL043W,1.833667E-005
YNL166C,2.691916E-005
YDR097C,5.758511E-005
YJL121C,3.953536E-005
YKL008C,2.148141E-005
YBR103W,1.502627E-005
YIL145C,2.047273E-005
YPL032C,6.484463E-005
YHR064C,0.0001049662
YKL015W,2.070881E-005
YKL197C,2.587292E-005
YGR202C,1.425367E-005
YJR089W,1.966257E-005
YPL110C,3.07349E-005
YDR377W,8.464566E-005
YPL045W,1.555744E-005
YLR314C,4.472781E-005
YNL126W,1.232886E-005
YKL040C,2.691916E-005
YLR249W,0.0005037934
YOR327C,5.850794E-005
YOL139C,0.000077149
YBR207W,3.07349E-005
YPL203W,1.232886E-005
YNR055C,1.149187E-005
YIL014W,0.000013524
YHR200W,3.221573E-005
YDR184C,1.69095E-005
YKL210W,0.0001928332
YNL221C,1.468289E-005
YER146W,5.569786E-005
YPL132W,1.425367E-005
YIL114C,2.452086E-005
YOL055C,2.012935E-005
YMR223W,2.130972E-005
YFR053C,0.000065862
YIL049W,1.207132E-005
YMR301C,4.166874E-005
YLR336C,2.012935E-005
YFR002W,3.07349E-005
YMR011W,0.0003101609
YGR089W,1.305318E-005
YHL028W,1.476874E-005
YLR130C,8.28073E-006
YER022W,1.572913E-005
YBR057C,1.598666E-005
YPL269W,3.274893E-006
YMR205C,0.0005391672
YER164W,4.830915E-005
YER131W,5.352491E-005
YKR087C,1.023639E-005
YBL051C,8.865958E-005
YGR281W,2.820549E-005
YPR145W,0.0001139975
YGL113W,5.6249E-006
YIL121W,2.256521E-005
YKR091W,1.132018E-005
YHL013C,2.326538E-005
YGR009C,4.128244E-005
YCL005W,1.33751E-005
YGL105W,4.438443E-005
YBR097W,2.529347E-005
YMR227C,0.000013139
YPR186C,9.149911E-006
YGR194C,1.903684E-005
YDR486C,3.155043E-005
YDR030C,0.000008667
YPL221W,1.852177E-005
YPL274W,3.553015E-005
YBL047C,9.154964E-005
YOR315W,1.708119E-005
YEL051W,3.384008E-005
YLL023C,0.000027626
YOL004W,5.923226E-005
YLR005W,1.442536E-005
YGR014W,7.480433E-005
YGR041W,5.882435E-006
YMR032W,1.973433E-005
YMR150C,1.656612E-005
YCR012W,0.0001514256
YGL026C,9.415986E-005
YDR201W,3.221573E-005
YDR254W,2.073027E-005
YGR263C,1.560572E-005
YNL045W,0.000027626
YDR354W,2.430625E-005
YDR301W,2.745435E-005
YJL053W,1.403905E-005
YCR083W,5.041034E-005
YOR151C,8.81767E-005
YML028W,9.454617E-005
YLL001W,3.405469E-005
YDR052C,1.656612E-005
YPR173C,2.21789E-005
YDL021W,2.820549E-005
YLR043C,0.000084989
YML060W,2.599632E-005
YJR062C,1.339656E-005
YBR035C,0.000046611
YML035C,6.397545E-005
YNL167C,2.186772E-005
YGL008C,0.0002781869
YFL025C,2.148141E-005
YIL144W,1.777868E-005
YOR124C,4.601012E-005
YJL126W,1.339656E-005
YJL166W,8.408766E-005
YJL200C,3.578769E-005
YKL041W,2.365168E-005
YNR003C,2.430625E-005
YDR376W,1.468289E-005
YKL194C,1.746749E-005
YNL127W,1.534819E-005
YKL014C,6.72892E-005
YLR237W,4.111075E-005
YJR040W,2.21789E-005
YHR051W,3.905248E-005
YKL176C,0.000013139
YKR029C,1.598666E-005
YJL104W,3.042371E-005
YPL019C,3.866618E-005
YDL174C,2.880641E-005
YER091C,0.0002629665
YDL103C,4.912468E-005
YDL203C,1.425367E-005
YLR215C,0.000021696
YMR287C,1.572913E-005
YFR001W,3.922417E-005
YPR152C,1.207132E-005
YPL131W,6.526111E-005
YIL115C,4.496388E-005
YOL101C,1.386736E-005
YHR158C,6.082274E-005
YMR036C,9.364524E-006
YDR234W,3.587353E-005
YIL031W,1.903684E-005
YGR155W,0.00011286
YMR300C,2.916555E-005
YFR049W,8.23037E-005
YLR342W,0.0001620741
YLR443W,8.495343E-006
YJR102C,2.073027E-005
YCL036W,3.017358E-006
YOR020C,8.691854E-005
YBL028C,7.480433E-005
YGR104C,1.630858E-005
YLR368W,3.274893E-006
YBR268W,2.952234E-005
YPR083W,8.495343E-006
YKL089W,1.572913E-005
YGR086C,4.412689E-005
YOR132W,1.174941E-005
YAL002W,0.000018165
YJL095W,2.788357E-005
YIL079C,0.000018165
YDR408C,2.130972E-005
YBR126C,2.235059E-005
YOL149W,3.422638E-005
YGL202W,5.42224E-005
YOR046C,3.317612E-005
YNL141W,2.745435E-005
YKR090W,2.382337E-005
YMR220W,2.430625E-005
YDR432W,4.39552E-005
YOR308C,1.572913E-005
YGL104C,1.05905E-005
YBL046W,2.27369E-005
YDR031W,4.018791E-005
YOL005C,0.000047169
YOR213C,9.149911E-006
YEL050C,2.503593E-005
YHR036W,1.24147E-005
YOL072W,7.76566E-006
YPL202C,1.209279E-005
YGL224C,1.555744E-005
YIL017C,1.279564E-005
YNL268W,0.03222022
YOL123W,4.253792E-005
YML116W,8.495343E-006
YOR070C,6.542369E-006
YHR207C,1.795037E-005
YKL213C,1.555744E-005
YNL220W,5.439409E-005
YGR060W,8.008246E-005
YCL064C,0.00001633
YML029W,1.572913E-005
YCR048W,1.502627E-005
YCR033W,1.442536E-005
YGR124W,7.749235E-005
YDR104C,6.928671E-006
YPR023C,1.425367E-005
YPL126W,5.205213E-005
YLR144C,0.00001633
YEL072W,3.854347E-006
YPR058W,2.073027E-005
YDL020C,1.305318E-005
YML061C,1.339656E-005
YJL186W,3.866618E-005
YER023W,4.053129E-005
YPL268W,1.207132E-005
YER132C,1.425367E-005
YDR399W,3.319758E-005
YML016C,1.110557E-005
YLR133W,2.916555E-005
YDL017W,1.526234E-005
YGL110C,1.279564E-005
YGR282C,4.982217E-005
YMR241W,0.000036453
YPL183C,1.656612E-005
YDR166C,2.952234E-005
YPR118W,2.587292E-005
YJL050W,7.877868E-005
YER177W,3.319758E-005
YJR016C,6.380376E-005
YDL202W,4.943587E-005
YDL100C,5.400779E-005
YGL055W,0.0001201817
YMR284W,1.708119E-005
YER090W,3.129289E-005
YMR035W,1.339656E-005
YDR159W,1.69095E-005
YGL027C,4.822331E-005
YOR165W,4.960756E-005
YDR200C,2.070881E-005
YPR105C,1.598666E-005
YGR260W,2.186772E-005
YLR274W,1.500481E-005
YLR369W,1.69095E-005
YOR007C,5.627731E-005
YDL220C,1.305318E-005
YGR170W,1.973433E-005
YOL148C,9.463782E-006
YPR082C,2.047273E-005
YHR019C,4.543066E-005
YDR281C,4.309809E-005
YGL203C,5.850794E-005
YIL078W,9.116334E-005
YOR047C,1.995766E-005
YLR047C,1.476874E-005
YGL009C,9.708048E-005
YJL127C,1.468289E-005
YNL164C,1.526234E-005
YBL092W,0.0001224029
YDR368W,5.352491E-005
YJL158C,6.22982E-005
YMR299C,6.461889E-006
YDR375C,2.105219E-005
YKL140W,2.047273E-005
YBR149W,3.11212E-005
YDR088C,2.413456E-005
YDR320C,2.012935E-005
YKL042W,2.469255E-005
YNL066W,5.687823E-005
YPL112C,1.442536E-005
YPL030W,1.425367E-005
YKL013C,3.042371E-005
YNL124W,1.305318E-005
YGL225W,5.863135E-005
YIL016W,2.625386E-005
YOL028C,2.683331E-005
YDR186C,1.572913E-005
YML117W,3.35195E-005
YHR206W,0.000018165
YOR069W,1.476874E-005
YGR038W,2.625386E-005
YKR001C,5.400779E-005
YOL122C,1.903684E-005
YBR104W,1.777868E-005
YNL223W,1.174941E-005
YBR227C,3.448391E-005
YLR378C,0.000074083
YIL030C,6.157389E-005
YIL116W,1.795037E-005
YOL100W,1.502627E-005
YLR442C,0.000012624
YGR156W,1.925145E-005
YFR048W,9.807162E-006
YGL169W,2.413456E-005
YMR307W,0.0001237067
YOL006C,2.469255E-005
YDL066W,0.0001603679
YER020W,7.186206E-006
YER162C,1.425367E-005
YML011C,1.966257E-005
YNL201C,1.860762E-005
YDL190C,3.709682E-005
YHR102W,2.096634E-005
YHR030C,5.882435E-006
YER075C,1.630858E-005
YJL187C,1.232886E-005
YLR018C,2.148141E-005
YKR085C,3.003741E-005
YJL201W,8.495343E-006
YMR243C,1.69095E-005
YGL111W,0.000025272
YBR289W,1.942314E-005
YKR093W,0.000164514
YER082C,3.189381E-005
YKL212W,4.128244E-005
YIL137C,4.018791E-005
YPR188C,3.294005E-005
YOR374W,4.912468E-005
YGR196C,2.986572E-005
YOR269W,0.000010451
YOR212W,8.28073E-006
YEL053C,1.903684E-005
YDR372C,3.11212E-005
YER057C,5.262354E-005
YKR010C,1.386736E-005
YLR085C,1.209279E-005
YOR179C,1.72958E-005
YMR129W,3.992166E-005
YCR081W,5.352491E-005
YDR423C,9.721317E-006
YPR106W,1.24147E-005
YPR004C,3.319758E-005
YGR261C,3.212988E-005
YPL228W,3.578769E-005
YNL330C,2.495009E-005
YHR065C,2.326538E-005
YOR164C,3.221573E-005
YNL047C,1.05905E-005
YPL082C,3.709682E-005
YDR323C,0.000010451
YGR283C,1.183525E-005
YJL033W,3.587353E-005
YLR429W,1.886515E-005
YDR050C,8.408766E-005
YGR061C,0.000199201
YOR153W,6.347857E-005
YDR105C,2.038689E-005
YLR145W,1.886515E-005
YLR045C,2.952234E-005
YNL063W,7.76566E-006
YLR098C,0.000006757
YLR110C,6.958824E-005
YIR038C,2.413456E-005
YNL032W,9.149911E-006
YEL071W,2.745435E-005
YML062C,0.000016652
YDR369C,0.000025272
YBR106W,9.329068E-005
YBL093C,1.708119E-005
YLR453C,1.534819E-005
YNL078W,7.851505E-006
YJL124C,3.11212E-005
YPR131C,1.973433E-005
YIL131C,2.148141E-005
YKL143W,3.003741E-005
YBR146W,2.452086E-005
YHR061C,4.472781E-005
YKL012W,9.485243E-006
YPL115C,0.000025272
YJL164C,2.186772E-005
YNL125C,1.00647E-005
YNL065W,2.916555E-005
YLR191W,2.503593E-005
YDR321W,3.775139E-005
YNR001C,3.922417E-005
YNL178W,6.484463E-005
YJL004C,1.746749E-005
YMR193W,3.221573E-005
YDR356W,0.00006642
YDR167W,1.534819E-005
YJL051W,1.355617E-005
YJR017C,2.105219E-005
YPL180W,1.69095E-005
YHR057C,0.000022922
YDL101C,1.69095E-005
YDL205C,3.259667E-005
YML080W,2.63397E-005
YMR285C,1.355617E-005
YMR016C,2.235059E-005
YML115C,3.07349E-005
YKL106W,0.000018165
YIL117C,6.225815E-006
YOL052C,2.27369E-005
YDR475C,1.442536E-005
YPL137C,2.986572E-005
YOL103W,1.33751E-005
YHR156C,1.305318E-005
YGR157W,7.112808E-005
YJL165C,1.572913E-005
YBR168W,6.461889E-006
YLR340W,0.000045774
YJR068W,2.659724E-005
YOR004W,2.105219E-005
YKL043W,1.534819E-005
YGR171C,1.995766E-005
YAL048C,2.587292E-005
YGL093W,1.903684E-005
YGL200C,4.076737E-005
YLR170C,4.307663E-005
YOR044W,3.212988E-005
YBR120C,4.76519E-005
YDR280W,1.442536E-005
YPR189W,6.984577E-005
YBR288C,1.630858E-005
YKR092C,3.11212E-005
YOR259C,3.366839E-005
YGR197C,0.000013139
YPR158W,1.746749E-005
YHL007C,3.366839E-005
YGL106W,4.280887E-005
YOR375C,0.00009082
YOR211C,3.422638E-005
YDR033W,8.951619E-005
YHR038W,0.000030252
YOR324C,1.00647E-005
YOR353C,1.339656E-005
YOR099W,5.850794E-005
YHL025W,6.928671E-006
YNL222W,0.000030252
YHR205W,4.601012E-005
YGR037C,5.715588E-005
YER143W,0.000018165
YNL321W,4.027376E-005
YGR284C,3.613107E-005
YMR240C,8.978221E-006
YPR069C,4.856669E-005
YLL006W,2.706805E-005
YMR215W,5.629878E-005
YDR051C,2.413456E-005
YGR062C,3.940192E-006
YHL035C,6.204354E-006
YOR181W,2.430625E-005
YBR030W,9.807162E-006
YLR440C,1.607251E-005
YDL022W,4.603158E-005
YPR021C,9.149911E-006
YLR044C,0.0001684467
YDR496C,4.128244E-005
YLR099C,0.000010451
YOR149C,1.232886E-005
YML032C,1.207132E-005
YLR146C,2.105219E-005
YPR110C,3.294005E-005
YBR267W,1.942314E-005
YDR429C,4.496388E-005
YML010W,0.0001456733
YDL193W,0.000030252
YER021W,3.042371E-005
YMR208W,3.129289E-005
YEL052W,1.386736E-005
YNL088W,7.016769E-005
YER161C,2.130972E-005
YJL180C,1.795037E-005
YHR103W,0.000032425
YER129W,0.000008109
YKR082W,4.149705E-005
YOR027W,0.00014724
YOR042W,2.130972E-005
YDR164C,2.683331E-005
YDR251W,1.572913E-005
YKL033W,1.209279E-005
YOR280C,2.365168E-005
YMR188C,2.148141E-005
YPL181W,8.495343E-006
YLR210W,1.00647E-005
YDL106C,2.365168E-005
YHR081W,2.659724E-005
YKR031C,2.960819E-005
YHR181W,2.933724E-005
YDL179W,1.442536E-005
YMR128W,5.296692E-005
YJL029C,1.403905E-005
YER056C,2.130972E-005
YGL130W,1.232886E-005
YML063W,5.313861E-005
YLR417W,9.463782E-006
YCR017C,4.76519E-005
YLR084C,0.000032425
YMR080C,3.155043E-005
YKR013W,3.613107E-005
YOR194C,3.688221E-005
YGL025C,0.000012624
YMR048W,1.442536E-005
YOR167C,9.398817E-005
YMR117C,2.413456E-005
YDL124W,3.992166E-005
YDR257C,1.386736E-005
YGR266W,2.587292E-005
YJL167W,5.041034E-005
YPL076W,2.073027E-005
YHR163W,2.413456E-005
YCR071C,6.012525E-005
YKL011C,9.721317E-006
YLR272C,2.854887E-005
YOR005C,6.547734E-006
YDL226C,2.070881E-005
YKL059C,1.526234E-005
YGL092W,4.166874E-005
YCL039W,1.183525E-005
YGR136W,6.72892E-005
YOR018W,1.826424E-005
YDR513W,4.856669E-005
YGL201C,4.018791E-005
YGL047W,2.073027E-005
YKL084W,3.212988E-005
YBR121C,9.635918E-005
YDL146W,8.978221E-006
YMR062C,2.27369E-005
YMR015C,3.448391E-005
YJL125C,1.72958E-005
YBL090W,5.262354E-005
YDR260C,1.852177E-005
YKL142W,2.960819E-005
YPL049C,0.000008109
YNL064C,6.781768E-005
YOR110W,2.012935E-005
YIL136W,0.000021696
YDR373W,3.83228E-005
YIR003W,2.038689E-005
YDR322W,4.678272E-005
YOR023C,1.526234E-005
YOR098C,2.561539E-005
YGL227W,3.953536E-005
YOR350C,9.721317E-006
YHR039C,3.61096E-005
YBR274W,1.132018E-005
YER142C,2.916555E-005
YHR204W,0.000004584
YGR036C,2.186772E-005
YNL225C,1.207132E-005
YNR059W,3.017358E-006
YDR180W,3.212988E-005
YIL036W,9.463782E-006
YHR155W,2.326538E-005
YOR045W,7.668219E-005
YOL102C,2.63397E-005
YBR252W,4.982217E-005
YBR169C,4.166874E-005
YJR101W,1.746749E-005
YMR305C,5.226674E-005
YLR131C,1.598666E-005
YOR232W,5.792849E-005
YJL085W,1.555744E-005
YDL209C,0.000008667
YEL065W,4.149705E-005
YEL055C,5.139756E-005
YGR058W,1.305318E-005
YML013W,2.096634E-005
YNL207W,2.599632E-005
YDL192W,0.000102702
YOR210W,8.670392E-005
YBL034C,2.895094E-005
YOL008W,1.279564E-005
YHR104W,4.236623E-005
YKR083C,3.317612E-005
YDL003W,3.813769E-005
YDL078C,2.986572E-005
YKL214C,2.495009E-005
YOL088C,2.343707E-005
YKR095W,5.59554E-005
YOR258W,1.279564E-005
YNR010W,2.657578E-005
YDR435C,1.403905E-005
YIL098C,2.960819E-005
YIL084C,2.256521E-005
YLL027W,2.365168E-005
YCL001W,4.943587E-005
YGR198W,1.476874E-005
YAR007C,5.226674E-005
YGR010W,1.442536E-005
YML064C,9.485243E-006
YER055C,2.469255E-005
YML031W,2.529347E-005
YBR085W,1.534819E-005
YGL186C,1.572913E-005
YGR218W,9.329068E-005
YGR267C,2.186772E-005
YGL091C,1.925145E-005
YPR006C,2.130972E-005
YMR114C,1.232886E-005
YGL022W,5.863135E-005
YHR070W,0.008057152
YMR049C,0.000030252
YOR166C,0.000016652
YGR285C,5.995356E-005
YPR068C,5.45321E-006
YMR214W,3.688221E-005
YCR030C,2.820549E-005
YGR063C,5.694127E-005
YMR176W,9.364524E-006
YCL063W,1.795037E-005
YER048C,4.149705E-005
YPR020W,4.166874E-005
YDR107C,4.374059E-005
YGR245C,4.601012E-005
YOR148C,1.110557E-005
YPL243W,2.365168E-005
YDR497C,4.603158E-005
YLR147C,4.053129E-005
YMR222C,2.21789E-005
YDL147W,3.259667E-005
YFL029C,1.500481E-005
YBL091C,2.430625E-005
YPL048W,3.671052E-005
YPR133C,3.129289E-005
YJL071W,1.093388E-005
YNL123W,4.472781E-005
YPL037C,6.907317E-005
YKL145W,4.699733E-005
YFL016C,7.406157E-005
YDR451C,2.186772E-005
YJL162C,1.00647E-005
YDR085C,0.000002116
YPL117C,3.578769E-005
YNL041C,2.073027E-005
YGR227W,3.07349E-005
YJL006C,1.526234E-005
YOR281C,4.39552E-005
YKL032C,1.500481E-005
YDL178W,0.000028227
YER095W,1.795037E-005
YHR080C,1.00647E-005
YML086C,5.075372E-005
YKR030W,1.403905E-005
YDL207W,1.279564E-005
YPL015C,9.807162E-006
YDL107W,2.256521E-005
YBR122C,1.942314E-005
YHR001W,2.343707E-005
YDR477W,3.042371E-005
YOL105C,2.343707E-005
YBR199W,2.587292E-005
YBR253W,0.000025272
YIL035C,2.326538E-005
YIL159W,1.476874E-005
YML121W,1.110557E-005
YJR106W,1.442536E-005
YJL084C,1.833667E-005
YHR154W,3.726851E-005
YPL135W,1.795037E-005
YMR304W,6.72892E-005
YGL050W,2.413456E-005
YKL010C,4.39552E-005
YDR427W,2.706805E-005
YOR128C,3.129289E-005
YGR177C,1.656612E-005
YKL045W,2.148141E-005
YJR022W,8.182082E-005
YLR009W,0.000059739
YKL185W,9.149911E-006
YDL225W,5.139756E-005
YCL038C,1.476874E-005
YLR364W,3.384008E-005
YKL058W,3.384008E-005
YKL085W,6.133781E-005
YNR043W,8.709023E-005
YOL089C,1.386736E-005
YLL026W,0.0001037107
YHR023W,4.960756E-005
YGR013W,1.777868E-005
YML103C,4.412689E-005
YOR377W,8.495343E-006
YJL019W,1.966257E-005
YDR436W,1.209279E-005
YGR199W,2.469255E-005
YGR082W,5.687823E-005
YDR388W,2.27369E-005
YHL027W,9.807162E-006
YOR319W,1.110557E-005
YGR119C,1.232886E-005
YDR181C,6.928671E-006
YNL224C,2.070881E-005
YAL020C,9.485243E-006
YBR275C,2.960819E-005
YMR177W,1.630858E-005
YDR501W,1.33751E-005
YGR286C,2.235059E-005
YCR037C,7.508125E-006
YMR217W,9.329068E-005
YGL035C,5.041034E-005
YOR136W,4.197993E-005
YDR494W,1.833667E-005
YOR147W,1.833667E-005
YGR246C,2.952234E-005
YPL242C,1.903684E-005
YBR067C,3.993038E-005
YPL172C,2.529347E-005
YDR100W,3.587353E-005
YLL004W,1.442536E-005
YER049W,0.000047169
YMR239C,1.860762E-005
YLR028C,2.691916E-005
YER136W,6.157389E-005
YML012W,3.482729E-005
YOL009C,0.000012624
YDR028C,3.905248E-005
YOR217W,3.61096E-005
YBL035C,1.572913E-005
YNL206C,1.903684E-005
YLR060W,6.950239E-005
YBR049C,6.837568E-005
YKR080W,3.003741E-005
YDL002C,2.430625E-005
YNL180C,1.305318E-005
YMR195W,1.468289E-005
YDR162C,2.503593E-005
YJL101C,0.000027626
YBL069W,1.630858E-005
YDR353W,5.188044E-005
YHR183W,0.0002246831
YOR129C,9.807162E-006
YER094C,3.482729E-005
YHR083W,1.149187E-005
YKL119C,1.886515E-005
YLR212C,1.607251E-005
YIR025W,8.28073E-006
YER101C,1.05905E-005
YCR019W,0.000008667
YLR086W,5.017427E-005
YLR151C,0.000027626
YML065W,2.854887E-005
YER001W,3.75797E-005
YBL074C,1.69095E-005
YGL023C,1.630858E-005
YPR009W,1.860762E-005
YMR115W,1.973433E-005
YDL126C,0.0001482809
YMR260C,3.953536E-005
YGR264C,5.792849E-005
YOR161C,9.807162E-006
YIR018W,7.851505E-006
YPL074W,9.485243E-006
YJR025C,3.129289E-005
YKL046C,3.553015E-005
YBR145W,5.42224E-005
YDR339C,1.942314E-005
YNL310C,2.256521E-005
YAL041W,1.607251E-005
YPL169C,1.973433E-005
YHR161C,1.209279E-005
YGR174C,2.326538E-005
YDL224C,1.442536E-005
YGL207W,7.618858E-005
YGR134W,1.69095E-005
YLR270W,5.017427E-005
YKL184W,7.147146E-005
YGR169C,1.386736E-005
YPR086W,3.129289E-005
YJR125C,2.430625E-005
YPL127C,4.307663E-005
YFL028C,3.042371E-005
YBR105C,1.777868E-005
YDR456W,2.256521E-005
YNL062C,2.495009E-005
YMR295C,3.480583E-005
YPL116W,3.042371E-005
YLR238W,1.207132E-005
YDR324C,3.726851E-005
YJL072C,2.365168E-005
YOR112W,1.795037E-005
YFL017C,3.187235E-005
YIL134W,1.209279E-005
YKL144C,2.300784E-005
YNL175C,3.187235E-005
YOR061W,0.000047169
YOR356W,4.504973E-005
YNL182C,1.886515E-005
YAR027W,1.656612E-005
YGR083C,0.000025272
YGL221C,3.042371E-005
YDR182W,2.745435E-005
YNL290W,1.777868E-005
YBR276C,7.851505E-006
YJR147W,5.96828E-006
YAL021C,5.335322E-005
YHR128W,0.000054995
YDR538W,2.430625E-005
YOR316C,1.925145E-005
YNL227C,1.72958E-005
YBR123C,2.343707E-005
YNR028W,2.599632E-005
YDR470C,1.886515E-005
YAL056W,6.928671E-006
YIL043C,2.365168E-005
YPL134C,2.63397E-005
YJL087C,5.38361E-005
YLR347C,6.467294E-005
YML120C,2.529347E-005
YGL174W,1.305318E-005
YHR106W,6.461889E-006
YOR216C,0.000028463
YBL036C,5.335322E-005
YBR080C,3.587353E-005
YPR191W,7.832934E-005
YDR027C,1.72958E-005
YHR068W,9.575827E-005
YNL272C,2.235059E-005
YPR073C,4.543066E-005
YKR081C,5.715588E-005
YPL263C,3.578769E-005
YDL001W,1.33751E-005
YLR067C,1.110557E-005
YOL013C,1.425367E-005
YJL183W,2.382337E-005
YIL065C,3.07349E-005
YOL031C,3.189381E-005
YHL019C,1.232886E-005
YNL258C,1.442536E-005
YKL216W,4.309809E-005
YGR012W,2.256521E-005
YHL004W,4.085321E-005
YML102W,1.00647E-005
YOR370C,1.560572E-005
YDR389W,1.942314E-005
YHR062C,0.000018165
YER053C,1.403905E-005
YDL217C,2.659724E-005
YER100W,3.317612E-005
YAL060W,2.796942E-005
YJL026W,9.942512E-005
YLR412W,7.508125E-006
YER002W,4.856669E-005
YDL127W,1.555744E-005
YPR008W,1.425367E-005
YGL020C,4.111075E-005
YOR160W,2.960819E-005
YMR083W,4.447027E-005
YMR261C,3.953536E-005
YMR112C,2.430625E-005
YCR036W,1.232886E-005
YMR216C,3.613107E-005
YCL061C,0.000037966
YHR004C,0.000006757
YDR502C,0.0001299636
YGR065C,1.183525E-005
YGR247W,1.560572E-005
YDR101C,4.367755E-005
YPR026W,1.630858E-005
YEL002C,0.000037966
YBR066C,1.500481E-005
YBR079C,0.0001058809
YDL090C,0.000016652
YMR061W,1.386736E-005
YJL128C,1.572913E-005
YJR002W,0.000030252
YDL145C,7.877868E-005
YBL097W,0.000051183
YNL061W,4.63535E-005
YGL068W,5.188044E-005
YFL014W,3.883787E-005
YDR325W,0.000027626
YJL073W,2.326538E-005
YNL121C,8.377647E-005
YDR087C,0.000028227
YMR294W,1.746749E-005
YPR135W,3.905248E-005
YHR063C,3.07349E-005
YDR072C,1.777868E-005
YLR248W,0.1258698
YDR163W,3.129289E-005
YML051W,2.459365E-006
YDR238C,0.0001006055
YDL105W,7.76566E-006
YCR098C,9.364524E-006
YDR243C,1.777868E-005
YHR082C,5.400779E-005
YPR168W,3.28542E-005
YJL048C,1.355617E-005
YPR113W,2.820549E-005
YLR213C,9.463782E-006
YKL161C,2.631055E-006
YKR036C,1.023639E-005
YBR251W,2.452086E-005
YMR099C,3.726851E-005
YIL040W,2.413456E-005
YGR135W,3.587353E-005
YGL219C,1.973433E-005
YOR040W,1.852177E-005
YAL051W,0.00001633
YAL019W,5.139756E-005
YPL140C,9.149911E-006
YLR449W,5.296692E-005
YNL156C,2.21789E-005
YAR008W,1.526234E-005
YHR152W,3.35195E-005
YML123C,4.56882E-005
YLR239C,1.183525E-005
YNL029C,6.225815E-006
YBR142W,3.042371E-005
YOR231W,7.508125E-006
YHR166C,1.403905E-005
YGR175C,0.0001091947
YIR017C,2.21789E-005
YIL128W,3.042371E-005
YGL097W,5.400779E-005
YER113C,1.425367E-005
YKL087C,3.129289E-005
YIL064W,2.892981E-005
YOR261C,3.578769E-005
YIL088C,2.503593E-005
YOL152W,2.038689E-005
YOL125W,1.174941E-005
YNL259C,5.850794E-005
YML101C,2.916555E-005
YNL099C,1.468289E-005
YGL059W,1.023639E-005
YKR096W,2.691916E-005
YHL003C,1.886515E-005
YOR371C,2.599632E-005
YJR104C,6.958824E-005
YFR043C,1.476874E-005
YIL008W,6.493919E-005
YOR357C,3.259667E-005
YFR038W,1.69095E-005
YGR080W,1.560572E-005
YOR037W,1.500481E-005
YBL011W,2.745435E-005
YDR183W,0.000021696
YGL222C,2.105219E-005
YDR138W,0.000022922
YHR129C,0.000008109
YOR317W,3.448391E-005
YGR033C,1.72958E-005
YAL022C,1.942314E-005
YJR144W,2.130972E-005
YOL078W,1.708119E-005
YGL153W,2.070881E-005
YNL291C,1.708119E-005
YMR171C,1.209279E-005
YJR032W,3.613107E-005
YMR211W,9.485243E-006
YCR035C,2.933724E-005
YOR244W,1.062269E-005
YDR503C,2.038689E-005
YGL037C,4.076737E-005
YDR071C,7.406157E-005
YDR492W,3.343365E-005
YGR240C,0.0003386422
YGL049C,0.0001000046
YBR061C,2.452086E-005
YOR145C,2.986572E-005
YPR052C,6.984577E-005
YPR025C,0.000016652
YBR087W,1.476874E-005
YBL037W,2.012935E-005
YPR190C,0.000036453
YHR107C,0.000059739
YAR002W,2.430625E-005
YOR262W,2.21789E-005
YEL056W,1.110557E-005
YDR026C,8.978221E-006
YLR066W,3.922417E-005
YEL029C,1.572913E-005
YNL273W,0.000027626
YER070W,6.099443E-005
YPL219W,2.552954E-005
YPL262W,4.626765E-005
YDR160W,7.186206E-006
YLR289W,1.966257E-005
YGR222W,8.495343E-006
YOR163W,2.326538E-005
YMR044W,2.916555E-005
YDR073W,0.000004584
YNL042W,4.369417E-006
YNL308C,4.149705E-005
YPL010W,3.294005E-005
YHL040C,7.186206E-006
YHR058C,1.207132E-005
YDR239C,1.502627E-005
YJR049C,2.599632E-005
YPR112C,5.043181E-005
YPR169W,1.468289E-005
YLR175W,6.428664E-005
YER052C,5.439409E-005
YLR080W,1.903684E-005
YER103W,1.062269E-005
YGL254W,1.526234E-005
YJL025W,5.066908E-006
YPR143W,3.922417E-005
YBR029C,5.758511E-005
YLR153C,9.329068E-005
YBL076C,0.0001111503
YMR113W,1.630858E-005
YGL134W,5.882435E-006
YKR068C,3.187235E-005
YGL021W,1.386736E-005
YBR143C,3.480583E-005
YDR086C,5.439409E-005
YPL072W,9.721317E-006
YHR167W,1.279564E-005
YJL134W,9.463782E-006
YKL146W,1.69095E-005
YDR449C,0.000016652
YKL080W,4.626765E-005
YKL186C,2.148141E-005
YIR022W,3.866618E-005
YGR095C,1.656612E-005
YKR042W,4.678272E-005
YKL160W,2.599632E-005
YDL091C,1.339656E-005
YDL142C,1.209279E-005
YMR066W,1.502627E-005
YMR019W,8.978221E-006
YGL196W,1.207132E-005
YJL129C,1.72958E-005
YLR209C,2.27369E-005
YJL209W,1.207132E-005
YDR264C,2.073027E-005
YMR026C,0.000008109
YJL074C,6.099443E-005
YNL177C,2.235059E-005
YDR454C,5.188044E-005
YPR134W,1.572913E-005
YLR250W,4.748021E-005
YNL254C,3.905248E-005
YCR075C,6.204354E-006
YHL020C,5.238598E-006
YIL009W,1.607251E-005
YFR042W,2.430625E-005
YOR066W,2.012935E-005
YOR354C,3.221573E-005
YGL223C,1.05905E-005
YOR036W,1.476874E-005
YGR032W,2.529347E-005
YGL150C,5.296692E-005
YOR349W,0.00001633
YNL292W,2.916555E-005
YDR171W,1.656612E-005
YAL023C,6.673121E-005
YGR132C,3.970705E-005
YJR127C,1.207132E-005
YBR256C,2.27369E-005
YOR014W,3.688221E-005
YGR109C,1.560572E-005
YKL073W,9.756336E-005
YHR151C,9.807162E-006
YDR311W,1.110557E-005
YHR002W,1.00647E-005
YBR216C,1.526234E-005
YMR318C,5.352491E-005
YGR181W,3.883787E-005
YHR108W,3.11212E-005
YBR086C,4.027376E-005
YAR003W,9.807162E-006
YBL030C,6.347857E-005
YMR236W,1.795037E-005
YNL304W,1.24147E-005
YOL011W,2.459365E-006
YOR195W,9.930172E-005
YLR335W,3.506337E-005
YDR235W,0.000008109
YER073W,2.960819E-005
YBR046C,4.253792E-005
YOL124C,2.788357E-005
YDR013W,1.339656E-005
YPR125W,3.456976E-005
YHR020W,7.772842E-005
YOL033W,1.093388E-005
YBR238C,8.100529E-005
YGR049W,3.578769E-005
YHL002W,1.24147E-005
YKR099W,1.777868E-005
YML100W,2.430625E-005
YER051W,6.928671E-006
YER004W,3.726851E-005
YOR144C,1.279564E-005
YMR158W,5.946834E-005
YLL036C,1.560572E-005
YDR519W,5.497354E-005
YLR034C,3.813769E-005
YLR083C,5.226674E-005
YMR263W,2.073027E-005
YKR069W,5.238598E-006
YBR211C,6.928671E-006
YLR129W,2.895094E-005
YPR065W,0.000012624
YMR172W,1.023639E-005
YCR034W,3.992166E-005
YDL007W,3.775139E-005
YMR210W,1.00647E-005
YPR024W,4.63535E-005
YGR241C,1.149187E-005
YOR245C,0.000006757
YBR060C,1.526234E-005
YKL167C,3.247326E-005
YIR023W,2.587292E-005
YDL092W,3.366839E-005
YMR067C,2.038689E-005
YDL143W,3.482729E-005
YPR137W,2.047273E-005
YGL197W,0.000027626
YNL036W,9.721317E-006
YOR115C,1.207132E-005
YMR296C,2.599632E-005
YDR267C,1.72958E-005
YJL208C,2.820549E-005
YOR162C,1.279564E-005
YMR145C,4.856669E-005
YMR110C,1.973433E-005
YMR098C,1.33751E-005
YOR285W,5.243843E-005
YJL002C,3.317612E-005
YCR065W,1.903684E-005
YLR288C,5.882435E-006
YPR159W,3.042371E-005
YGR223C,1.74353E-005
YDR074W,1.468289E-005
YHR059W,3.775139E-005
YPR075C,1.572913E-005
YOL094C,2.382337E-005
YNL309W,0.000013524
YER099C,1.69095E-005
YJR048W,8.81767E-005
YPR111W,1.656612E-005
YHR084W,2.27369E-005
YAL053W,0.000018165
YNL149C,5.188044E-005
YBR257W,1.903684E-005
YDL216C,0.000010451
YHR018C,1.746749E-005
YOR017W,1.279564E-005
YJL140W,2.326538E-005
YDR473C,2.105219E-005
YDR310C,1.942314E-005
YPL146C,4.027376E-005
YKL072W,2.235059E-005
YPL139C,2.343707E-005
YNL154C,3.042371E-005
YNL001W,2.503593E-005
YJL080C,0.0001873329
YIL046W,8.978221E-006
YFR009W,4.076737E-005
YNL101W,1.24147E-005
YHR150W,5.238598E-006
YDR081C,0.000021696
YJL137C,1.207132E-005
YKL149C,1.132018E-005
YIR015W,1.442536E-005
YDR448W,1.232886E-005
YHR085W,9.721317E-006
YLR360W,1.023639E-005
YHR164C,2.186772E-005
YPL164C,3.618273E-006
YMR274C,1.339656E-005
YLR226W,1.05905E-005
YKL181W,2.469255E-005
YOL032W,1.572913E-005
YHR027C,0.0001445646
YNR047W,3.905248E-005
YNL293W,1.023639E-005
YML107C,7.76566E-006
YNL075W,2.27369E-005
YML125C,4.253792E-005
YLR251W,1.149187E-005
YFR041C,4.050983E-005
YHR071W,9.149911E-006
YOR355W,2.012935E-005
YOR028C,0.00001633
YPL106C,0.0002260375
YGR195W,2.452086E-005
YHL023C,1.852177E-005
YJR091C,0.000037966
YOR035C,0.000012624
YBL017C,8.951619E-005
YAL024C,2.365168E-005
YJL197W,5.156925E-005
YMR213W,7.508125E-006
YDL006W,1.149187E-005
YER123W,3.163627E-005
YJL012C,5.188044E-005
YLL008W,5.955418E-005
YDR505C,3.221573E-005
YKL206C,8.634841E-006
YPL246C,2.561539E-005
YGL039W,1.777868E-005
YEL001C,3.726851E-005
YMR319C,9.721317E-006
YMR235C,3.953536E-005
YHR109W,1.232886E-005
YBL031W,9.807162E-006
YPL270W,1.476874E-005
YCL017C,4.149705E-005
YGR180C,5.863135E-005
YOR260W,2.745435E-005
YNL271C,3.405469E-005
YOR228C,8.978221E-006
YOR380W,4.723527E-006
YER072W,4.050983E-005
YOR138C,1.708119E-005
YCR066W,1.00647E-005
YCR088W,6.397545E-005
YDR208W,3.448391E-005
YJL058C,8.495343E-006
YDR075W,1.852177E-005
YGR220C,0.000028227
YBR014C,3.422638E-005
YML052W,2.599632E-005
YPL012W,6.467294E-005
YMR089C,5.008843E-005
YHR187W,1.795037E-005
YGR275W,4.447027E-005
YDR240C,8.495343E-006
YLL022C,0.000018165
YOR143C,2.105219E-005
YDR490C,1.442536E-005
YER005W,0.000008667
YER105C,3.553015E-005
YDL028C,1.149187E-005
YJL023C,6.542369E-006
YER050C,2.952234E-005
YCR008W,1.232886E-005
YKL165C,0.000082132
YDR518W,4.678272E-005
YLR119W,1.555744E-005
YLR082C,5.882435E-006
YLR035C,2.845668E-006
YDL122W,3.506337E-005
YMR264W,1.886515E-005
YGL136C,3.596812E-006
YPR018W,0.000021696
YGL139W,5.956726E-005
YMR086W,0.000016652
YER018C,1.468289E-005
YIL125W,0.0001208362
YKL148C,4.253792E-005
YDR140W,1.526234E-005
YJL076W,6.099443E-005
YDR080W,2.21789E-005
YBR114W,0.000010451
YPL250C,2.235059E-005
YHR024C,2.343707E-005
YKL028W,3.75797E-005
YLR389C,2.256521E-005
YLR221C,3.259667E-005
YLR361C,2.235059E-005
YKL082C,3.422638E-005
YMR064W,7.508125E-006
YKL166C,1.468289E-005
YJR007W,0.000030252
YDL093W,3.28542E-005
YHR047C,4.982217E-005
YIR002C,2.073027E-005
YGL001C,0.000027626
YMR024W,0.000020006
YPL038W,1.560572E-005
YDR266C,1.442536E-005
YGL194C,1.442536E-005
YOR116C,7.080616E-005
YLR207W,1.942314E-005
YNL037C,5.687823E-005
YFL013C,2.300784E-005
YFR040W,6.958824E-005
YIL107C,1.995766E-005
YOR326W,0.0001031956
YIL007C,1.72958E-005
YGR152C,3.35195E-005
YJR143C,5.188044E-005
YGR147C,1.746749E-005
YJR092W,4.830915E-005
YGR030C,2.820549E-005
YAL025C,3.970705E-005
YOR034C,1.24147E-005
YBL014C,1.85845E-006
YGL094C,1.795037E-005
YJR059W,2.148141E-005
YOR016C,4.601012E-005
YJR121W,8.068337E-005
YGR165W,1.656612E-005
YGR055W,0.00008269
YBR254C,2.683331E-005
YDR313C,2.073027E-005
YIL047C,1.69095E-005
YNL153C,3.187235E-005
YBR214W,1.183525E-005
YPL138C,7.272051E-006
YBR249C,5.205213E-005
YCL035C,0.000054995
YFR008W,1.132018E-005
YNL102W,5.38361E-005
YPL147W,5.066908E-006
YMR234W,5.882435E-006
YBR084W,6.984577E-005
YAR042W,4.873838E-005
YGR187C,3.405469E-005
YDR508C,3.970705E-005
YNL081C,4.856669E-005
YCL016C,1.00647E-005
YPL267W,0.000022922
YOR229W,1.942314E-005
YEL024W,0.000046611
YOR383C,2.892981E-005
YOL017W,1.442536E-005
YDR006C,1.777868E-005
YBL032W,0.000046611
YDR023W,7.618858E-005
YLR010C,1.24147E-005
YNL294C,5.6249E-006
YBR272C,1.110557E-005
YDR298C,5.243843E-005
YDR011W,8.164913E-005
YIL061C,1.403905E-005
YBL009W,2.148141E-005
YNR046W,3.090659E-005
YPR097W,4.960756E-005
YOL151W,3.189381E-005
YHR026W,3.317612E-005
YBR281C,3.448391E-005
YDR197W,1.00647E-005
YNL289W,2.012935E-005
YML106W,3.922417E-005
YCR009C,3.11212E-005
YDR118W,0.000008109
YLR118C,2.495009E-005
YER006W,3.28542E-005
YPR051W,3.259667E-005
YLL034C,0.000046611
YBL105C,2.587292E-005
YOR196C,3.343365E-005
YER174C,0.000021696
YER104W,0.000006757
YLR150W,0.000074405
YDL189W,2.096634E-005
YDL054C,2.186772E-005
YPR019W,3.042371E-005
YMR087W,1.502627E-005
YNL236W,1.795037E-005
YJR105W,5.923226E-005
YDL072C,3.61096E-005
YER159C,4.215162E-005
YDL005C,3.003741E-005
YER122C,3.343365E-005
YHR113W,2.413456E-005
YMR212C,2.343707E-005
YJL196C,1.903684E-005
YLR058C,5.205213E-005
YEL006W,3.017358E-006
YGL038C,1.925145E-005
YPL249C,3.343365E-005
YER031C,3.726851E-005
YJR006W,1.207132E-005
YGL187C,3.75797E-005
YIR021W,5.882435E-006
YGL002W,0.000020006
YKL112W,0.00004342
YBR183W,1.886515E-005
YHR046C,0.000033777
YML095C,1.110557E-005
YOR117W,4.543066E-005
YMR025W,1.232886E-005
YMR290C,4.472781E-005
YDL141W,2.047273E-005
YLR206W,0.000010451
YPR139C,2.657578E-005
YNL185C,3.688221E-005
YCR067C,3.129289E-005
YBR166C,2.186772E-005
YMR047C,4.085321E-005
YHR086W,3.11212E-005
YGR274C,2.096634E-005
YBR015C,3.405469E-005
YML055W,3.259667E-005
YML088W,1.355617E-005
YLR176C,2.047273E-005
YPL013C,3.384008E-005
